"wbps_gene_id","entrezgene_id","X","Cluster"
"WBGene00000018",181261,930,"whitesmoke"
"WBGene00000041",176121,256,"coral"
"WBGene00000051",181475,1591,"whitesmoke"
"WBGene00000068",175622,1464,"whitesmoke"
"WBGene00000069",191607,1792,"sienna"
"WBGene00000072",180760,1630,"whitesmoke"
"WBGene00000074",181489,356,"coral"
"WBGene00000080",176022,981,"whitesmoke"
"WBGene00000086",180420,1491,"whitesmoke"
"WBGene00000094",184244,866,"whitesmoke"
"WBGene00000095",172889,1057,"whitesmoke"
"WBGene00000108",187001,702,"coral"
"WBGene00000112",173510,1325,"whitesmoke"
"WBGene00000121",177738,260,"coral"
"WBGene00000149",180783,874,"whitesmoke"
"WBGene00000157",184091,891,"whitesmoke"
"WBGene00000160",175376,851,"whitesmoke"
"WBGene00000161",181163,849,"whitesmoke"
"WBGene00000162",173701,905,"whitesmoke"
"WBGene00000165",171691,1107,"whitesmoke"
"WBGene00000166",189194,1622,"whitesmoke"
"WBGene00000180",174525,1114,"whitesmoke"
"WBGene00000182",175801,1858,"darkseagreen"
"WBGene00000185",180501,681,"coral"
"WBGene00000187",174375,845,"whitesmoke"
"WBGene00000192",178405,860,"whitesmoke"
"WBGene00000195",180446,1943,"goldenrod"
"WBGene00000201",3565442,855,"whitesmoke"
"WBGene00000203",176697,1123,"whitesmoke"
"WBGene00000207",180718,90,"coral"
"WBGene00000210",180956,170,"coral"
"WBGene00000221",181576,322,"coral"
"WBGene00000225",175125,317,"coral"
"WBGene00000229",175716,68,"coral"
"WBGene00000230",172195,22,"coral"
"WBGene00000259",174039,1248,"whitesmoke"
"WBGene00000263",175254,781,"whitesmoke"
"WBGene00000289",174473,931,"whitesmoke"
"WBGene00000292",177497,759,"whitesmoke"
"WBGene00000293",174673,745,"whitesmoke"
"WBGene00000371",172832,726,"whitesmoke"
"WBGene00000377",174318,1937,"goldenrod"
"WBGene00000378",174421,1941,"goldenrod"
"WBGene00000379",174330,1935,"goldenrod"
"WBGene00000380",175588,1933,"goldenrod"
"WBGene00000381",175819,1938,"goldenrod"
"WBGene00000388",176260,508,"coral"
"WBGene00000396",175590,822,"whitesmoke"
"WBGene00000407",176774,914,"whitesmoke"
"WBGene00000408",171784,839,"whitesmoke"
"WBGene00000409",172677,825,"whitesmoke"
"WBGene00000431",172640,1529,"whitesmoke"
"WBGene00000445",179485,423,"coral"
"WBGene00000454",191622,495,"coral"
"WBGene00000476",188793,1650,"whitesmoke"
"WBGene00000477",178939,1798,"sienna"
"WBGene00000478",178768,1341,"whitesmoke"
"WBGene00000500",172303,951,"whitesmoke"
"WBGene00000506",175357,807,"whitesmoke"
"WBGene00000515",188971,1757,"sienna"
"WBGene00000519",176546,1389,"whitesmoke"
"WBGene00000534",178992,720,"whitesmoke"
"WBGene00000542",176122,1385,"whitesmoke"
"WBGene00000548",3565419,884,"whitesmoke"
"WBGene00000550",176341,280,"coral"
"WBGene00000565",174848,1969,"goldenrod"
"WBGene00000567",176390,766,"whitesmoke"
"WBGene00000585",177473,942,"whitesmoke"
"WBGene00000630",172222,2075,"lightyellow"
"WBGene00000648",173698,2019,"goldenrod"
"WBGene00000658",185221,2069,"lightyellow"
"WBGene00000707",186083,585,"coral"
"WBGene00000720",179351,1800,"sienna"
"WBGene00000761",172190,348,"coral"
"WBGene00000763",178403,912,"whitesmoke"
"WBGene00000765",176099,329,"coral"
"WBGene00000766",179316,1217,"whitesmoke"
"WBGene00000767",175647,310,"coral"
"WBGene00000775",185473,1968,"goldenrod"
"WBGene00000800",171821,906,"whitesmoke"
"WBGene00000829",NA,3,"coral"
"WBGene00000832",171818,1074,"whitesmoke"
"WBGene00000833",176437,75,"coral"
"WBGene00000877",179936,206,"coral"
"WBGene00000879",180028,793,"whitesmoke"
"WBGene00000881",173374,728,"whitesmoke"
"WBGene00000889",178487,818,"whitesmoke"
"WBGene00000923",177622,1024,"whitesmoke"
"WBGene00000931",266845,1127,"whitesmoke"
"WBGene00000933",174631,212,"coral"
"WBGene00000941",175331,254,"coral"
"WBGene00000951",3565200,1660,"whitesmoke"
"WBGene00000955",179574,1667,"whitesmoke"
"WBGene00000980",178990,1613,"whitesmoke"
"WBGene00001019",178040,956,"whitesmoke"
"WBGene00001026",174093,871,"whitesmoke"
"WBGene00001034",175540,873,"whitesmoke"
"WBGene00001039",172231,193,"coral"
"WBGene00001047",173278,857,"whitesmoke"
"WBGene00001048",171833,888,"whitesmoke"
"WBGene00001052",180714,1658,"whitesmoke"
"WBGene00001082",180713,902,"whitesmoke"
"WBGene00001088",179671,768,"whitesmoke"
"WBGene00001101",173894,863,"whitesmoke"
"WBGene00001115",171715,1216,"whitesmoke"
"WBGene00001130",181644,1265,"whitesmoke"
"WBGene00001134",174476,1084,"whitesmoke"
"WBGene00001137",179796,1298,"whitesmoke"
"WBGene00001145",172823,786,"whitesmoke"
"WBGene00001156",173300,1772,"sienna"
"WBGene00001163",177949,1446,"whitesmoke"
"WBGene00001167",172743,13,"coral"
"WBGene00001177",178537,1452,"whitesmoke"
"WBGene00001187",177513,1525,"whitesmoke"
"WBGene00001224",173985,1044,"whitesmoke"
"WBGene00001227",176268,195,"coral"
"WBGene00001246",259739,634,"coral"
"WBGene00001248",180358,1966,"goldenrod"
"WBGene00001284",176322,936,"whitesmoke"
"WBGene00001332",176868,1954,"goldenrod"
"WBGene00001335",180667,1055,"whitesmoke"
"WBGene00001345",178987,1880,"darkseagreen"
"WBGene00001362",181635,1781,"sienna"
"WBGene00001365",173314,1714,"sienna"
"WBGene00001394",178293,475,"coral"
"WBGene00001399",179100,650,"coral"
"WBGene00001404",266822,263,"coral"
"WBGene00001411",177335,1097,"whitesmoke"
"WBGene00001427",173160,755,"whitesmoke"
"WBGene00001435",181465,543,"coral"
"WBGene00001436",181466,514,"coral"
"WBGene00001442",182874,1659,"whitesmoke"
"WBGene00001463",181165,2011,"goldenrod"
"WBGene00001470",176078,988,"whitesmoke"
"WBGene00001484",180549,1118,"whitesmoke"
"WBGene00001496",179828,968,"whitesmoke"
"WBGene00001499",175667,986,"whitesmoke"
"WBGene00001508",178985,376,"coral"
"WBGene00001520",181646,149,"coral"
"WBGene00001535",177584,1990,"goldenrod"
"WBGene00001548",191652,1997,"goldenrod"
"WBGene00001558",178402,731,"whitesmoke"
"WBGene00001563",179114,880,"whitesmoke"
"WBGene00001588",191638,1652,"whitesmoke"
"WBGene00001621",177882,1786,"sienna"
"WBGene00001648",172505,805,"whitesmoke"
"WBGene00001650",177850,452,"coral"
"WBGene00001669",177931,1581,"whitesmoke"
"WBGene00001679",174803,777,"whitesmoke"
"WBGene00001680",172483,1186,"whitesmoke"
"WBGene00001682",172396,752,"whitesmoke"
"WBGene00001697",191662,694,"coral"
"WBGene00001700",186880,523,"coral"
"WBGene00001708",181212,1134,"whitesmoke"
"WBGene00001726",183855,2085,"lightyellow"
"WBGene00001735",176853,541,"coral"
"WBGene00001745",171687,1300,"whitesmoke"
"WBGene00001772",185407,429,"coral"
"WBGene00001784",187645,1752,"sienna"
"WBGene00001791",190586,381,"coral"
"WBGene00001835",174285,1078,"whitesmoke"
"WBGene00001836",173074,859,"whitesmoke"
"WBGene00001858",177433,1054,"whitesmoke"
"WBGene00001876",180074,392,"coral"
"WBGene00001877",180073,343,"coral"
"WBGene00001880",191668,368,"coral"
"WBGene00001891",191673,400,"coral"
"WBGene00001892",179267,393,"coral"
"WBGene00001899",175031,403,"coral"
"WBGene00001903",185332,417,"coral"
"WBGene00001905",191677,293,"coral"
"WBGene00001908",191679,453,"coral"
"WBGene00001911",179341,729,"whitesmoke"
"WBGene00001912",191680,422,"coral"
"WBGene00001913",191681,695,"coral"
"WBGene00001914",13221387,395,"coral"
"WBGene00001921",178048,430,"coral"
"WBGene00001933",186325,353,"coral"
"WBGene00001934",177522,213,"coral"
"WBGene00001935",177521,325,"coral"
"WBGene00001940",186670,443,"coral"
"WBGene00001941",188792,397,"coral"
"WBGene00001944",184006,1673,"whitesmoke"
"WBGene00001949",172458,177,"coral"
"WBGene00001953",181069,455,"coral"
"WBGene00001955",176360,1762,"sienna"
"WBGene00001957",185980,1535,"whitesmoke"
"WBGene00001961",185460,1638,"whitesmoke"
"WBGene00001964",182717,696,"coral"
"WBGene00001966",182719,655,"coral"
"WBGene00001972",175890,727,"whitesmoke"
"WBGene00001975",177543,1027,"whitesmoke"
"WBGene00001978",179624,854,"whitesmoke"
"WBGene00001980",173007,788,"whitesmoke"
"WBGene00001996",176506,853,"whitesmoke"
"WBGene00002004",173078,1949,"goldenrod"
"WBGene00002007",180880,758,"whitesmoke"
"WBGene00002010",178873,250,"coral"
"WBGene00002012",177777,409,"coral"
"WBGene00002025",175316,255,"coral"
"WBGene00002031",189586,1215,"whitesmoke"
"WBGene00002044",180743,307,"coral"
"WBGene00002045",174090,38,"coral"
"WBGene00002048",175807,1554,"whitesmoke"
"WBGene00002053",173976,1728,"sienna"
"WBGene00002056",180414,1765,"sienna"
"WBGene00002065",174367,31,"coral"
"WBGene00002076",175094,1195,"whitesmoke"
"WBGene00002079",171621,366,"coral"
"WBGene00002080",177581,264,"coral"
"WBGene00002097",3565293,2007,"goldenrod"
"WBGene00002098",3565586,2039,"goldenrod"
"WBGene00002110",259408,582,"coral"
"WBGene00002114",173660,2092,"lightyellow"
"WBGene00002123",180968,1578,"whitesmoke"
"WBGene00002141",171805,1617,"whitesmoke"
"WBGene00002149",180944,1994,"goldenrod"
"WBGene00002152",177926,178,"coral"
"WBGene00002162",177609,33,"coral"
"WBGene00002176",173513,1550,"whitesmoke"
"WBGene00002177",180810,1527,"whitesmoke"
"WBGene00002183",174161,272,"coral"
"WBGene00002184",174791,1435,"whitesmoke"
"WBGene00002190",180864,1164,"whitesmoke"
"WBGene00002192",178068,1276,"whitesmoke"
"WBGene00002207",181756,1212,"whitesmoke"
"WBGene00002210",180574,1508,"whitesmoke"
"WBGene00002215",178942,773,"whitesmoke"
"WBGene00002216",191697,1463,"whitesmoke"
"WBGene00002219",176511,1953,"goldenrod"
"WBGene00002222",177685,1148,"whitesmoke"
"WBGene00002232",173051,998,"whitesmoke"
"WBGene00002248",172952,1416,"whitesmoke"
"WBGene00002251",174419,1099,"whitesmoke"
"WBGene00002256",179161,270,"coral"
"WBGene00002261",181292,764,"whitesmoke"
"WBGene00002266",174557,1528,"whitesmoke"
"WBGene00002335",178104,830,"whitesmoke"
"WBGene00002344",178006,732,"whitesmoke"
"WBGene00002979",172128,1735,"sienna"
"WBGene00002987",180672,1603,"whitesmoke"
"WBGene00002991",181400,1519,"whitesmoke"
"WBGene00002994",174267,783,"whitesmoke"
"WBGene00002997",173652,1206,"whitesmoke"
"WBGene00002999",172597,925,"whitesmoke"
"WBGene00003000",172893,1524,"whitesmoke"
"WBGene00003010",178159,1493,"whitesmoke"
"WBGene00003011",179732,833,"whitesmoke"
"WBGene00003017",173740,1649,"whitesmoke"
"WBGene00003019",177361,1310,"whitesmoke"
"WBGene00003040",266825,848,"whitesmoke"
"WBGene00003045",174239,782,"whitesmoke"
"WBGene00003046",174707,1399,"whitesmoke"
"WBGene00003047",176758,1422,"whitesmoke"
"WBGene00003048",176808,798,"whitesmoke"
"WBGene00003059",172320,1257,"whitesmoke"
"WBGene00003061",172037,145,"coral"
"WBGene00003062",171886,1260,"whitesmoke"
"WBGene00003065",179477,164,"coral"
"WBGene00003066",177729,154,"coral"
"WBGene00003072",171981,1086,"whitesmoke"
"WBGene00003084",180712,1718,"sienna"
"WBGene00003092",179430,1918,"darkseagreen"
"WBGene00003114",266926,1927,"darkseagreen"
"WBGene00003119",174974,1306,"whitesmoke"
"WBGene00003123",173073,761,"whitesmoke"
"WBGene00003143",179794,1470,"whitesmoke"
"WBGene00003144",3565400,1290,"whitesmoke"
"WBGene00003150",178250,743,"whitesmoke"
"WBGene00003151",177795,1724,"sienna"
"WBGene00003163",180942,1227,"whitesmoke"
"WBGene00003165",188259,1984,"goldenrod"
"WBGene00003166",180826,1965,"goldenrod"
"WBGene00003168",181728,2004,"goldenrod"
"WBGene00003170",172389,1264,"whitesmoke"
"WBGene00003171",181036,1955,"goldenrod"
"WBGene00003173",179382,1979,"goldenrod"
"WBGene00003175",175419,1956,"goldenrod"
"WBGene00003176",185423,2002,"goldenrod"
"WBGene00003177",174587,1946,"goldenrod"
"WBGene00003179",180701,1998,"goldenrod"
"WBGene00003180",191705,1932,"darkseagreen"
"WBGene00003234",176615,333,"coral"
"WBGene00003242",179162,377,"coral"
"WBGene00003243",176168,961,"whitesmoke"
"WBGene00003246",175020,1345,"whitesmoke"
"WBGene00003247",181248,856,"whitesmoke"
"WBGene00003253",176231,222,"coral"
"WBGene00003368",185682,1461,"whitesmoke"
"WBGene00003374",178895,1564,"whitesmoke"
"WBGene00003385",189078,1304,"whitesmoke"
"WBGene00003395",179217,1536,"whitesmoke"
"WBGene00003471",191285,1978,"goldenrod"
"WBGene00003477",180792,1318,"whitesmoke"
"WBGene00003532",185492,2074,"lightyellow"
"WBGene00003580",173857,315,"coral"
"WBGene00003596",172624,1065,"whitesmoke"
"WBGene00003599",173452,1872,"darkseagreen"
"WBGene00003600",181783,1380,"whitesmoke"
"WBGene00003618",174512,424,"coral"
"WBGene00003625",177601,1732,"sienna"
"WBGene00003649",178707,1482,"whitesmoke"
"WBGene00003694",177248,378,"coral"
"WBGene00003714",182733,1982,"goldenrod"
"WBGene00003722",187822,1963,"goldenrod"
"WBGene00003733",181258,1430,"whitesmoke"
"WBGene00003746",172544,1642,"whitesmoke"
"WBGene00003748",191733,1643,"whitesmoke"
"WBGene00003772",178167,1342,"whitesmoke"
"WBGene00003802",176623,1006,"whitesmoke"
"WBGene00003807",180752,504,"coral"
"WBGene00003815",172442,292,"coral"
"WBGene00003821",174329,950,"whitesmoke"
"WBGene00003827",177580,915,"whitesmoke"
"WBGene00003831",174696,80,"coral"
"WBGene00003842",172841,614,"coral"
"WBGene00003843",181325,447,"coral"
"WBGene00003858",176000,831,"whitesmoke"
"WBGene00003864",177703,414,"coral"
"WBGene00003876",177973,537,"coral"
"WBGene00003878",172298,1788,"sienna"
"WBGene00003914",177528,216,"coral"
"WBGene00003916",179912,975,"whitesmoke"
"WBGene00003954",178981,749,"whitesmoke"
"WBGene00003961",177615,934,"whitesmoke"
"WBGene00003962",175472,864,"whitesmoke"
"WBGene00003978",175288,394,"coral"
"WBGene00003981",191742,1910,"darkseagreen"
"WBGene00003983",174920,533,"coral"
"WBGene00003989",173161,844,"whitesmoke"
"WBGene00003997",181326,1805,"sienna"
"WBGene00004013",180357,1521,"whitesmoke"
"WBGene00004014",171768,166,"coral"
"WBGene00004015",174034,196,"coral"
"WBGene00004031",177818,1189,"whitesmoke"
"WBGene00004032",179649,1547,"whitesmoke"
"WBGene00004036",181274,1742,"sienna"
"WBGene00004048",175101,1411,"whitesmoke"
"WBGene00004050",3565967,236,"coral"
"WBGene00004056",177611,1167,"whitesmoke"
"WBGene00004060",179968,945,"whitesmoke"
"WBGene00004075",176784,1124,"whitesmoke"
"WBGene00004087",172184,1062,"whitesmoke"
"WBGene00004088",175344,1081,"whitesmoke"
"WBGene00004095",175731,789,"whitesmoke"
"WBGene00004128",175335,841,"whitesmoke"
"WBGene00004131",172187,1202,"whitesmoke"
"WBGene00004134",174614,1235,"whitesmoke"
"WBGene00004163",175330,517,"coral"
"WBGene00004184",180677,1500,"whitesmoke"
"WBGene00004189",176024,161,"coral"
"WBGene00004215",174685,877,"whitesmoke"
"WBGene00004254",177894,1042,"whitesmoke"
"WBGene00004266",178620,736,"whitesmoke"
"WBGene00004270",181759,910,"whitesmoke"
"WBGene00004271",174834,785,"whitesmoke"
"WBGene00004276",181649,1015,"whitesmoke"
"WBGene00004282",176476,1361,"whitesmoke"
"WBGene00004287",186939,691,"coral"
"WBGene00004306",174011,1108,"whitesmoke"
"WBGene00004308",180011,1125,"whitesmoke"
"WBGene00004313",181558,1221,"whitesmoke"
"WBGene00004315",178229,1246,"whitesmoke"
"WBGene00004317",181595,1185,"whitesmoke"
"WBGene00004321",175788,1326,"whitesmoke"
"WBGene00004337",179967,211,"coral"
"WBGene00004344",176415,1415,"whitesmoke"
"WBGene00004349",180840,1571,"whitesmoke"
"WBGene00004363",177570,1384,"whitesmoke"
"WBGene00004369",181115,1405,"whitesmoke"
"WBGene00004370",180958,396,"coral"
"WBGene00004371",177597,184,"coral"
"WBGene00004372",172791,1479,"whitesmoke"
"WBGene00004384",179672,872,"whitesmoke"
"WBGene00004403",3565076,338,"coral"
"WBGene00004408",172943,53,"coral"
"WBGene00004409",171766,82,"coral"
"WBGene00004410",178297,134,"coral"
"WBGene00004412",171853,93,"coral"
"WBGene00004413",180343,48,"coral"
"WBGene00004414",175501,114,"coral"
"WBGene00004415",172074,129,"coral"
"WBGene00004416",174371,54,"coral"
"WBGene00004417",176015,50,"coral"
"WBGene00004418",171602,97,"coral"
"WBGene00004419",177203,74,"coral"
"WBGene00004420",176071,59,"coral"
"WBGene00004421",174311,77,"coral"
"WBGene00004423",180535,79,"coral"
"WBGene00004424",178279,14,"coral"
"WBGene00004425",171949,61,"coral"
"WBGene00004426",172818,126,"coral"
"WBGene00004427",176891,83,"coral"
"WBGene00004428",175455,96,"coral"
"WBGene00004429",171692,71,"coral"
"WBGene00004430",178342,62,"coral"
"WBGene00004431",172201,23,"coral"
"WBGene00004432",24104384,111,"coral"
"WBGene00004433",176146,102,"coral"
"WBGene00004434",173873,130,"coral"
"WBGene00004435",175796,63,"coral"
"WBGene00004436",172062,72,"coral"
"WBGene00004438",180748,73,"coral"
"WBGene00004439",172617,159,"coral"
"WBGene00004440",174379,127,"coral"
"WBGene00004441",171750,35,"coral"
"WBGene00004442",179739,148,"coral"
"WBGene00004443",178352,240,"coral"
"WBGene00004444",172921,157,"coral"
"WBGene00004445",173235,141,"coral"
"WBGene00004446",174443,46,"coral"
"WBGene00004447",174166,131,"coral"
"WBGene00004448",178173,123,"coral"
"WBGene00004449",176097,88,"coral"
"WBGene00004450",176007,86,"coral"
"WBGene00004451",175460,371,"coral"
"WBGene00004452",180044,151,"coral"
"WBGene00004453",179153,194,"coral"
"WBGene00004454",174695,136,"coral"
"WBGene00004456",175070,105,"coral"
"WBGene00004457",179259,1413,"whitesmoke"
"WBGene00004459",175877,176,"coral"
"WBGene00004469",175628,95,"coral"
"WBGene00004470",175584,47,"coral"
"WBGene00004471",177583,118,"coral"
"WBGene00004472",175879,32,"coral"
"WBGene00004473",177481,98,"coral"
"WBGene00004474",178012,42,"coral"
"WBGene00004475",173260,158,"coral"
"WBGene00004476",172901,57,"coral"
"WBGene00004477",177503,51,"coral"
"WBGene00004478",174699,69,"coral"
"WBGene00004479",172061,36,"coral"
"WBGene00004480",178083,34,"coral"
"WBGene00004481",175786,84,"coral"
"WBGene00004482",175901,78,"coral"
"WBGene00004483",176006,37,"coral"
"WBGene00004484",172693,94,"coral"
"WBGene00004485",179998,21,"coral"
"WBGene00004486",172313,101,"coral"
"WBGene00004487",178408,60,"coral"
"WBGene00004488",172805,81,"coral"
"WBGene00004489",173309,40,"coral"
"WBGene00004490",176011,205,"coral"
"WBGene00004491",175338,156,"coral"
"WBGene00004492",178188,89,"coral"
"WBGene00004493",176858,44,"coral"
"WBGene00004494",177365,43,"coral"
"WBGene00004495",173342,65,"coral"
"WBGene00004496",178538,122,"coral"
"WBGene00004497",176975,189,"coral"
"WBGene00004498",175235,109,"coral"
"WBGene00004499",179154,49,"coral"
"WBGene00004719",181471,1537,"whitesmoke"
"WBGene00004723",4363023,979,"whitesmoke"
"WBGene00004727",180655,955,"whitesmoke"
"WBGene00004728",175697,966,"whitesmoke"
"WBGene00004729",180637,834,"whitesmoke"
"WBGene00004732",177602,1056,"whitesmoke"
"WBGene00004748",189901,1906,"darkseagreen"
"WBGene00004750",173710,446,"coral"
"WBGene00004773",172435,1573,"whitesmoke"
"WBGene00004786",181231,1238,"whitesmoke"
"WBGene00004800",177924,753,"whitesmoke"
"WBGene00004807",172775,719,"whitesmoke"
"WBGene00004830",180203,1485,"whitesmoke"
"WBGene00004889",173351,332,"coral"
"WBGene00004890",183905,476,"coral"
"WBGene00004897",266648,762,"whitesmoke"
"WBGene00004900",172119,1270,"whitesmoke"
"WBGene00004928",178855,1889,"darkseagreen"
"WBGene00004944",172493,1601,"whitesmoke"
"WBGene00004958",172498,1919,"darkseagreen"
"WBGene00004972",177929,562,"coral"
"WBGene00004980",176328,836,"whitesmoke"
"WBGene00004981",176857,301,"coral"
"WBGene00005014",175172,846,"whitesmoke"
"WBGene00005017",173382,473,"coral"
"WBGene00005020",173635,1239,"whitesmoke"
"WBGene00005021",176382,380,"coral"
"WBGene00005023",172851,286,"coral"
"WBGene00005024",190099,542,"coral"
"WBGene00005030",191775,2093,"lightyellow"
"WBGene00005097",191808,2040,"goldenrod"
"WBGene00005120",187575,707,"coral"
"WBGene00005124",184606,1926,"darkseagreen"
"WBGene00005208",189807,494,"coral"
"WBGene00005256",191852,531,"coral"
"WBGene00005332",190527,664,"coral"
"WBGene00005405",191083,1675,"whitesmoke"
"WBGene00005488",183527,704,"coral"
"WBGene00005500",190793,706,"coral"
"WBGene00005582",190450,1833,"sienna"
"WBGene00005594",191933,1917,"darkseagreen"
"WBGene00005599",189018,2031,"goldenrod"
"WBGene00005641",191958,2010,"goldenrod"
"WBGene00005654",185351,536,"coral"
"WBGene00005725",190887,1845,"sienna"
"WBGene00005770",186008,1807,"sienna"
"WBGene00005886",183445,1847,"sienna"
"WBGene00005950",188258,1813,"sienna"
"WBGene00005959",187099,684,"coral"
"WBGene00006062",266844,1363,"whitesmoke"
"WBGene00006064",180802,1612,"whitesmoke"
"WBGene00006066",181350,1109,"whitesmoke"
"WBGene00006067",181730,1590,"whitesmoke"
"WBGene00006077",186433,2043,"goldenrod"
"WBGene00006084",191969,714,"coral"
"WBGene00006108",188788,1827,"sienna"
"WBGene00006143",191991,1846,"sienna"
"WBGene00006183",192008,2091,"lightyellow"
"WBGene00006188",192012,654,"coral"
"WBGene00006195",173486,425,"coral"
"WBGene00006208",189409,1856,"sienna"
"WBGene00006242",184998,1664,"whitesmoke"
"WBGene00006307",174380,876,"whitesmoke"
"WBGene00006342",179257,235,"coral"
"WBGene00006363",174230,1546,"whitesmoke"
"WBGene00006364",181255,1048,"whitesmoke"
"WBGene00006365",180555,1466,"whitesmoke"
"WBGene00006369",181527,1702,"sienna"
"WBGene00006396",176617,978,"whitesmoke"
"WBGene00006405",178491,1031,"whitesmoke"
"WBGene00006407",3565712,1549,"whitesmoke"
"WBGene00006410",180690,878,"whitesmoke"
"WBGene00006431",180657,1369,"whitesmoke"
"WBGene00006441",190681,2020,"goldenrod"
"WBGene00006470",179362,1747,"sienna"
"WBGene00006473",174509,1158,"whitesmoke"
"WBGene00006483",177667,344,"coral"
"WBGene00006490",178000,1442,"whitesmoke"
"WBGene00006496",180571,1198,"whitesmoke"
"WBGene00006498",175953,1173,"whitesmoke"
"WBGene00006504",177495,1730,"sienna"
"WBGene00006515",182257,1945,"goldenrod"
"WBGene00006518",172539,234,"coral"
"WBGene00006519",175693,52,"coral"
"WBGene00006533",176568,1912,"darkseagreen"
"WBGene00006540",176361,1126,"whitesmoke"
"WBGene00006543",175698,1444,"whitesmoke"
"WBGene00006544",260030,1620,"whitesmoke"
"WBGene00006545",176450,1631,"whitesmoke"
"WBGene00006546",176449,1641,"whitesmoke"
"WBGene00006552",190493,561,"coral"
"WBGene00006556",189977,635,"coral"
"WBGene00006557",182861,628,"coral"
"WBGene00006566",178131,1296,"whitesmoke"
"WBGene00006567",180244,1222,"whitesmoke"
"WBGene00006573",176580,150,"coral"
"WBGene00006574",172686,1952,"goldenrod"
"WBGene00006578",172936,1093,"whitesmoke"
"WBGene00006592",176014,1883,"darkseagreen"
"WBGene00006593",171635,1136,"whitesmoke"
"WBGene00006597",189605,629,"coral"
"WBGene00006612",176767,608,"coral"
"WBGene00006613",179920,949,"whitesmoke"
"WBGene00006617",174790,247,"coral"
"WBGene00006620",182375,1905,"darkseagreen"
"WBGene00006640",180761,1193,"whitesmoke"
"WBGene00006646",181376,1551,"whitesmoke"
"WBGene00006656",192072,715,"coral"
"WBGene00006671",181024,1639,"whitesmoke"
"WBGene00006687",185149,1646,"whitesmoke"
"WBGene00006689",183583,1669,"whitesmoke"
"WBGene00006695",190614,1894,"darkseagreen"
"WBGene00006697",175270,840,"whitesmoke"
"WBGene00006709",173228,767,"whitesmoke"
"WBGene00006721",179039,1286,"whitesmoke"
"WBGene00006725",175413,121,"coral"
"WBGene00006728",176718,66,"coral"
"WBGene00006739",174307,382,"coral"
"WBGene00006741",180458,1539,"whitesmoke"
"WBGene00006743",181573,1576,"whitesmoke"
"WBGene00006750",180990,1577,"whitesmoke"
"WBGene00006752",172497,1592,"whitesmoke"
"WBGene00006753",172450,954,"whitesmoke"
"WBGene00006755",176349,924,"whitesmoke"
"WBGene00006761",177594,1433,"whitesmoke"
"WBGene00006763",178284,1256,"whitesmoke"
"WBGene00006770",190098,1329,"whitesmoke"
"WBGene00006774",172105,1555,"whitesmoke"
"WBGene00006776",172233,870,"whitesmoke"
"WBGene00006778",192081,1509,"whitesmoke"
"WBGene00006786",180311,917,"whitesmoke"
"WBGene00006788",174693,1481,"whitesmoke"
"WBGene00006802",176444,734,"whitesmoke"
"WBGene00006803",179077,800,"whitesmoke"
"WBGene00006805",171988,999,"whitesmoke"
"WBGene00006807",182722,1583,"whitesmoke"
"WBGene00006808",180014,896,"whitesmoke"
"WBGene00006810",180631,232,"coral"
"WBGene00006811",3565180,1605,"whitesmoke"
"WBGene00006812",180374,1562,"whitesmoke"
"WBGene00006818",176157,1488,"whitesmoke"
"WBGene00006839",181227,776,"whitesmoke"
"WBGene00006840",176179,769,"whitesmoke"
"WBGene00006868",173794,1161,"whitesmoke"
"WBGene00006910",176383,1680,"sienna"
"WBGene00006911",187779,1678,"sienna"
"WBGene00006912",177018,1710,"sienna"
"WBGene00006913",174272,1690,"sienna"
"WBGene00006914",177626,1760,"sienna"
"WBGene00006917",177442,1693,"sienna"
"WBGene00006918",174596,1691,"sienna"
"WBGene00006919",172216,1682,"sienna"
"WBGene00006920",177017,1701,"sienna"
"WBGene00006921",180692,1699,"sienna"
"WBGene00006923",173904,1129,"whitesmoke"
"WBGene00006924",173512,1143,"whitesmoke"
"WBGene00006937",176635,289,"coral"
"WBGene00006938",192085,619,"coral"
"WBGene00006959",175541,725,"whitesmoke"
"WBGene00006963",187120,1352,"whitesmoke"
"WBGene00006968",177237,1130,"whitesmoke"
"WBGene00006970",177144,1465,"whitesmoke"
"WBGene00006975",176237,801,"whitesmoke"
"WBGene00006981",181051,1957,"goldenrod"
"WBGene00006985",176732,1458,"whitesmoke"
"WBGene00007000",175398,215,"coral"
"WBGene00007001",172024,318,"coral"
"WBGene00007020",176937,1103,"whitesmoke"
"WBGene00007021",182863,1875,"darkseagreen"
"WBGene00007025",176817,865,"whitesmoke"
"WBGene00007030",176679,757,"whitesmoke"
"WBGene00007041",174730,1628,"whitesmoke"
"WBGene00007044",174248,1511,"whitesmoke"
"WBGene00007056",176166,1439,"whitesmoke"
"WBGene00007064",353411,1428,"whitesmoke"
"WBGene00007097",179432,2021,"goldenrod"
"WBGene00007116",181830,1589,"whitesmoke"
"WBGene00007119",180342,1181,"whitesmoke"
"WBGene00007126",181886,1396,"whitesmoke"
"WBGene00007145",174761,894,"whitesmoke"
"WBGene00007172",181958,620,"coral"
"WBGene00007179",181996,2023,"goldenrod"
"WBGene00007193",174735,921,"whitesmoke"
"WBGene00007194",174737,1381,"whitesmoke"
"WBGene00007195",178353,1116,"whitesmoke"
"WBGene00007196",178351,1900,"darkseagreen"
"WBGene00007197",178350,484,"coral"
"WBGene00007213",182049,1146,"whitesmoke"
"WBGene00007215",173207,239,"coral"
"WBGene00007226",182077,1305,"whitesmoke"
"WBGene00007241",3564842,1981,"goldenrod"
"WBGene00007261",181643,1393,"whitesmoke"
"WBGene00007268",182131,1989,"goldenrod"
"WBGene00007288",3565535,1815,"sienna"
"WBGene00007301",172819,1985,"goldenrod"
"WBGene00007314",175116,2006,"goldenrod"
"WBGene00007317",182243,1390,"whitesmoke"
"WBGene00007339",174740,1768,"sienna"
"WBGene00007341",3565230,583,"coral"
"WBGene00007348",181568,1725,"sienna"
"WBGene00007350",181570,787,"whitesmoke"
"WBGene00007384",177972,1755,"sienna"
"WBGene00007385",179541,64,"coral"
"WBGene00007389",182348,1665,"whitesmoke"
"WBGene00007396",182350,1634,"whitesmoke"
"WBGene00007406",182358,717,"coral"
"WBGene00007409",182361,1753,"sienna"
"WBGene00007417",182371,1165,"whitesmoke"
"WBGene00007434",174288,1309,"whitesmoke"
"WBGene00007436",3564855,1170,"whitesmoke"
"WBGene00007448",182416,2073,"lightyellow"
"WBGene00007449",259594,388,"coral"
"WBGene00007534",179423,730,"whitesmoke"
"WBGene00007537",182541,2078,"lightyellow"
"WBGene00007542",3565391,2009,"goldenrod"
"WBGene00007543",259643,2033,"goldenrod"
"WBGene00007550",182567,610,"coral"
"WBGene00007551",3565934,511,"coral"
"WBGene00007564",174632,199,"coral"
"WBGene00007573",175473,1448,"whitesmoke"
"WBGene00007574",259498,1258,"whitesmoke"
"WBGene00007581",175476,1436,"whitesmoke"
"WBGene00007583",182595,1579,"whitesmoke"
"WBGene00007587",179724,1272,"whitesmoke"
"WBGene00007602",182630,1018,"whitesmoke"
"WBGene00007616",182648,1121,"whitesmoke"
"WBGene00007617",179942,1010,"whitesmoke"
"WBGene00007623",175536,1274,"whitesmoke"
"WBGene00007628",175531,969,"whitesmoke"
"WBGene00007629",182682,1898,"darkseagreen"
"WBGene00007630",175529,139,"coral"
"WBGene00007633",174453,1892,"darkseagreen"
"WBGene00007635",182684,557,"coral"
"WBGene00007637",173045,1071,"whitesmoke"
"WBGene00007666",181600,1128,"whitesmoke"
"WBGene00007669",182781,1666,"whitesmoke"
"WBGene00007684",174428,140,"coral"
"WBGene00007686",174431,261,"coral"
"WBGene00007690",174427,1073,"whitesmoke"
"WBGene00007712",182876,311,"coral"
"WBGene00007744",182937,1354,"whitesmoke"
"WBGene00007745",182938,1720,"sienna"
"WBGene00007752",178220,1028,"whitesmoke"
"WBGene00007756",179667,391,"coral"
"WBGene00007760",177705,1263,"whitesmoke"
"WBGene00007765",3565797,1637,"whitesmoke"
"WBGene00007776",181581,426,"coral"
"WBGene00007784",179388,943,"whitesmoke"
"WBGene00007799",179503,1585,"whitesmoke"
"WBGene00007837",183082,1392,"whitesmoke"
"WBGene00007847",181509,1278,"whitesmoke"
"WBGene00007856",183103,1545,"whitesmoke"
"WBGene00007877",181625,1962,"goldenrod"
"WBGene00007880",177786,124,"coral"
"WBGene00007908",179792,489,"coral"
"WBGene00007918",183197,1864,"darkseagreen"
"WBGene00007919",174393,481,"coral"
"WBGene00007921",175448,980,"whitesmoke"
"WBGene00007944",181313,345,"coral"
"WBGene00007951",183225,1653,"whitesmoke"
"WBGene00007953",183226,1187,"whitesmoke"
"WBGene00007956",181345,1401,"whitesmoke"
"WBGene00007959",3564990,1569,"whitesmoke"
"WBGene00007960",183234,574,"coral"
"WBGene00007967",183248,1561,"whitesmoke"
"WBGene00007970",175494,1337,"whitesmoke"
"WBGene00007979",172684,147,"coral"
"WBGene00008002",176319,1629,"whitesmoke"
"WBGene00008009",183312,710,"coral"
"WBGene00008052",174308,1726,"sienna"
"WBGene00008114",3565282,1995,"goldenrod"
"WBGene00008121",259497,1007,"whitesmoke"
"WBGene00008131",3565732,1319,"whitesmoke"
"WBGene00008134",173173,334,"coral"
"WBGene00008151",177853,1243,"whitesmoke"
"WBGene00008155",3565389,689,"coral"
"WBGene00008195",178514,1437,"whitesmoke"
"WBGene00008206",181371,1427,"whitesmoke"
"WBGene00008216",183626,2015,"goldenrod"
"WBGene00008217",183632,651,"coral"
"WBGene00008218",179810,290,"coral"
"WBGene00008252",183708,1766,"sienna"
"WBGene00008283",177720,1005,"whitesmoke"
"WBGene00008300",183782,1647,"whitesmoke"
"WBGene00008304",183787,2062,"lightyellow"
"WBGene00008317",3565589,386,"coral"
"WBGene00008370",179492,1017,"whitesmoke"
"WBGene00008375",183917,496,"coral"
"WBGene00008414",172513,119,"coral"
"WBGene00008420",266841,901,"whitesmoke"
"WBGene00008421",3565410,2052,"lightyellow"
"WBGene00008434",183962,479,"coral"
"WBGene00008450",181386,1964,"goldenrod"
"WBGene00008452",179721,923,"whitesmoke"
"WBGene00008456",174508,352,"coral"
"WBGene00008462",183995,490,"coral"
"WBGene00008464",183997,653,"coral"
"WBGene00008481",184036,510,"coral"
"WBGene00008514",176285,221,"coral"
"WBGene00008528",184093,1703,"sienna"
"WBGene00008535",184102,560,"coral"
"WBGene00008536",178373,643,"coral"
"WBGene00008539",184104,2041,"goldenrod"
"WBGene00008579",184202,1970,"goldenrod"
"WBGene00008585",181320,984,"whitesmoke"
"WBGene00008588",184211,1958,"goldenrod"
"WBGene00008662",184323,1916,"darkseagreen"
"WBGene00008663",184324,1904,"darkseagreen"
"WBGene00008686",178152,1249,"whitesmoke"
"WBGene00008691",181430,946,"whitesmoke"
"WBGene00008720",178081,815,"whitesmoke"
"WBGene00008745",181265,750,"whitesmoke"
"WBGene00008748",181267,1731,"sienna"
"WBGene00008749",181268,262,"coral"
"WBGene00008755",184424,503,"coral"
"WBGene00008769",172479,1072,"whitesmoke"
"WBGene00008781",172752,1374,"whitesmoke"
"WBGene00008824",184491,686,"coral"
"WBGene00008825",180077,506,"coral"
"WBGene00008852",172434,812,"whitesmoke"
"WBGene00008857",173041,214,"coral"
"WBGene00008860",174968,372,"coral"
"WBGene00008865",181184,1421,"whitesmoke"
"WBGene00008866",184545,2032,"goldenrod"
"WBGene00008868",181185,1610,"whitesmoke"
"WBGene00008885",184568,1993,"goldenrod"
"WBGene00008920",179522,771,"whitesmoke"
"WBGene00008922",179515,418,"coral"
"WBGene00008927",184624,1087,"whitesmoke"
"WBGene00008973",181591,791,"whitesmoke"
"WBGene00008975",181593,987,"whitesmoke"
"WBGene00008976",184719,1961,"goldenrod"
"WBGene00008977",184720,1602,"whitesmoke"
"WBGene00008980",181594,972,"whitesmoke"
"WBGene00008986",184743,306,"coral"
"WBGene00009012",259584,142,"coral"
"WBGene00009013",184770,186,"coral"
"WBGene00009025",184793,1468,"whitesmoke"
"WBGene00009045",174352,796,"whitesmoke"
"WBGene00009050",172441,763,"whitesmoke"
"WBGene00009051",184827,137,"coral"
"WBGene00009084",179947,1115,"whitesmoke"
"WBGene00009086",181542,622,"coral"
"WBGene00009087",184896,2025,"goldenrod"
"WBGene00009092",179691,163,"coral"
"WBGene00009100",179344,1988,"goldenrod"
"WBGene00009117",184936,617,"coral"
"WBGene00009119",172939,16,"coral"
"WBGene00009122",172944,29,"coral"
"WBGene00009128",172741,253,"coral"
"WBGene00009132",177848,1008,"whitesmoke"
"WBGene00009140",172522,1021,"whitesmoke"
"WBGene00009161",3565338,56,"coral"
"WBGene00009170",184986,558,"coral"
"WBGene00009174",172753,1219,"whitesmoke"
"WBGene00009183",185013,1751,"sienna"
"WBGene00009184",185014,1773,"sienna"
"WBGene00009190",172540,1367,"whitesmoke"
"WBGene00009191",3565210,1266,"whitesmoke"
"WBGene00009207",174381,1045,"whitesmoke"
"WBGene00009231",181523,1575,"whitesmoke"
"WBGene00009232",185086,687,"coral"
"WBGene00009236",185096,530,"coral"
"WBGene00009238",185097,611,"coral"
"WBGene00009246",174956,278,"coral"
"WBGene00009248",185116,685,"coral"
"WBGene00009258",185121,1408,"whitesmoke"
"WBGene00009262",172779,1418,"whitesmoke"
"WBGene00009264",172778,1861,"darkseagreen"
"WBGene00009277",3565178,316,"coral"
"WBGene00009294",180372,976,"whitesmoke"
"WBGene00009304",173355,1406,"whitesmoke"
"WBGene00009306",173357,1391,"whitesmoke"
"WBGene00009330",179509,152,"coral"
"WBGene00009331",179511,2053,"lightyellow"
"WBGene00009336",179507,790,"whitesmoke"
"WBGene00009352",174691,1171,"whitesmoke"
"WBGene00009353",174692,904,"whitesmoke"
"WBGene00009356",3565256,2063,"lightyellow"
"WBGene00009369",173369,1348,"whitesmoke"
"WBGene00009427",185305,618,"coral"
"WBGene00009440",175598,824,"whitesmoke"
"WBGene00009443",185322,928,"whitesmoke"
"WBGene00009451",172691,760,"whitesmoke"
"WBGene00009480",3565464,1820,"sienna"
"WBGene00009492",185379,1648,"whitesmoke"
"WBGene00009496",3565032,1502,"whitesmoke"
"WBGene00009498",172748,1697,"sienna"
"WBGene00009508",172928,1037,"whitesmoke"
"WBGene00009518",185435,1806,"sienna"
"WBGene00009521",185438,1100,"whitesmoke"
"WBGene00009531",181317,1717,"sienna"
"WBGene00009532",179584,1888,"darkseagreen"
"WBGene00009537",178454,568,"coral"
"WBGene00009558",3565054,1289,"whitesmoke"
"WBGene00009574",181565,861,"whitesmoke"
"WBGene00009575",174701,1689,"sienna"
"WBGene00009580",179361,858,"whitesmoke"
"WBGene00009606",179928,2037,"goldenrod"
"WBGene00009617",181236,1759,"sienna"
"WBGene00009626",174481,2080,"lightyellow"
"WBGene00009632",181328,977,"whitesmoke"
"WBGene00009652",185706,625,"coral"
"WBGene00009658",174816,571,"coral"
"WBGene00009660",174815,1166,"whitesmoke"
"WBGene00009662",174813,606,"coral"
"WBGene00009676",185724,1368,"whitesmoke"
"WBGene00009679",177861,1761,"sienna"
"WBGene00009688",174807,17,"coral"
"WBGene00009712",174435,26,"coral"
"WBGene00009717",174437,287,"coral"
"WBGene00009726",181406,1496,"whitesmoke"
"WBGene00009729",185801,1959,"goldenrod"
"WBGene00009732",176766,722,"whitesmoke"
"WBGene00009739",174992,28,"coral"
"WBGene00009740",174993,91,"coral"
"WBGene00009804",185896,1234,"whitesmoke"
"WBGene00009834",180149,367,"coral"
"WBGene00009843",259349,2056,"lightyellow"
"WBGene00009851",181507,828,"whitesmoke"
"WBGene00009858",186006,1829,"sienna"
"WBGene00009879",177754,1802,"sienna"
"WBGene00009881",177755,1684,"sienna"
"WBGene00009882",177757,1688,"sienna"
"WBGene00009888",181175,384,"coral"
"WBGene00009899",174341,1245,"whitesmoke"
"WBGene00009920",172613,1150,"whitesmoke"
"WBGene00009929",186108,1850,"sienna"
"WBGene00009945",174567,740,"whitesmoke"
"WBGene00009949",186137,1582,"whitesmoke"
"WBGene00009950",186138,680,"coral"
"WBGene00009958",172706,1556,"whitesmoke"
"WBGene00009969",3565452,1976,"goldenrod"
"WBGene00009974",179873,1003,"whitesmoke"
"WBGene00009992",179850,143,"coral"
"WBGene00009993",179849,995,"whitesmoke"
"WBGene00010000",180353,463,"coral"
"WBGene00010008",186192,2083,"lightyellow"
"WBGene00010009",181675,1490,"whitesmoke"
"WBGene00010015",174590,299,"coral"
"WBGene00010028",186213,1251,"whitesmoke"
"WBGene00010039",186224,1881,"darkseagreen"
"WBGene00010045",186226,1566,"whitesmoke"
"WBGene00010059",181559,1402,"whitesmoke"
"WBGene00010094",179683,276,"coral"
"WBGene00010096",179685,973,"whitesmoke"
"WBGene00010099",186289,547,"coral"
"WBGene00010115",181492,1715,"sienna"
"WBGene00010130",176338,1685,"sienna"
"WBGene00010131",186343,1517,"whitesmoke"
"WBGene00010140",176741,1432,"whitesmoke"
"WBGene00010142",176746,402,"coral"
"WBGene00010149",177772,518,"coral"
"WBGene00010157",173024,626,"coral"
"WBGene00010160",173028,1241,"whitesmoke"
"WBGene00010174",179730,1137,"whitesmoke"
"WBGene00010177",179399,867,"whitesmoke"
"WBGene00010192",186438,1512,"whitesmoke"
"WBGene00010230",176362,1138,"whitesmoke"
"WBGene00010231",178088,1253,"whitesmoke"
"WBGene00010244",186499,809,"whitesmoke"
"WBGene00010282",186546,1801,"sienna"
"WBGene00010288",179635,1311,"whitesmoke"
"WBGene00010303",175441,204,"coral"
"WBGene00010306",175445,1254,"whitesmoke"
"WBGene00010315",186597,2071,"lightyellow"
"WBGene00010326",172933,11,"coral"
"WBGene00010329",181656,1626,"whitesmoke"
"WBGene00010359",181601,2090,"lightyellow"
"WBGene00010368",186696,2030,"goldenrod"
"WBGene00010372",186707,2022,"goldenrod"
"WBGene00010375",186709,1911,"darkseagreen"
"WBGene00010407",179539,918,"whitesmoke"
"WBGene00010416",173022,1429,"whitesmoke"
"WBGene00010419",173134,20,"coral"
"WBGene00010433",181603,751,"whitesmoke"
"WBGene00010436",178281,1455,"whitesmoke"
"WBGene00010444",178107,182,"coral"
"WBGene00010458",186840,168,"coral"
"WBGene00010470",259654,457,"coral"
"WBGene00010478",176504,1035,"whitesmoke"
"WBGene00010481",186851,1873,"darkseagreen"
"WBGene00010504",186872,1609,"whitesmoke"
"WBGene00010556",177895,99,"coral"
"WBGene00010558",177898,1510,"whitesmoke"
"WBGene00010565",172589,354,"coral"
"WBGene00010572",181540,1532,"whitesmoke"
"WBGene00010574",187013,544,"coral"
"WBGene00010579",173335,1698,"sienna"
"WBGene00010582",173339,1112,"whitesmoke"
"WBGene00010587",173336,1568,"whitesmoke"
"WBGene00010591",3565432,2027,"goldenrod"
"WBGene00010609",172794,363,"coral"
"WBGene00010616",187083,108,"coral"
"WBGene00010617",172793,474,"coral"
"WBGene00010636",177833,2000,"goldenrod"
"WBGene00010638",177837,1176,"whitesmoke"
"WBGene00010639",36805026,739,"whitesmoke"
"WBGene00010641",172455,1196,"whitesmoke"
"WBGene00010652",187139,1596,"whitesmoke"
"WBGene00010654",NA,616,"coral"
"WBGene00010670",178145,271,"coral"
"WBGene00010674",178212,1552,"whitesmoke"
"WBGene00010689",187175,594,"coral"
"WBGene00010691",181449,1489,"whitesmoke"
"WBGene00010716",187206,1657,"whitesmoke"
"WBGene00010726",181651,1478,"whitesmoke"
"WBGene00010736",179737,944,"whitesmoke"
"WBGene00010755",176441,1744,"sienna"
"WBGene00010772",176510,1778,"sienna"
"WBGene00010775",187297,2001,"goldenrod"
"WBGene00010788",179626,1780,"sienna"
"WBGene00010796",176307,1515,"whitesmoke"
"WBGene00010812",187375,312,"coral"
"WBGene00010827",187394,1560,"whitesmoke"
"WBGene00010828",178236,191,"coral"
"WBGene00010858",187440,407,"coral"
"WBGene00010868",179819,1094,"whitesmoke"
"WBGene00010873",3565192,1616,"whitesmoke"
"WBGene00010891",187461,1141,"whitesmoke"
"WBGene00010892",178158,1122,"whitesmoke"
"WBGene00010905",175592,309,"coral"
"WBGene00010909",175593,303,"coral"
"WBGene00010941",174493,1708,"sienna"
"WBGene00010942",174494,155,"coral"
"WBGene00010944",174497,1586,"whitesmoke"
"WBGene00010947",353402,1259,"whitesmoke"
"WBGene00010957",NA,4,"coral"
"WBGene00010959",NA,2,"coral"
"WBGene00010960",NA,1,"coral"
"WBGene00010961",NA,19,"coral"
"WBGene00010962",NA,5,"coral"
"WBGene00010963",NA,15,"coral"
"WBGene00010964",NA,6,"coral"
"WBGene00010965",NA,0,"coral"
"WBGene00010967",NA,7,"coral"
"WBGene00010991",187536,623,"coral"
"WBGene00010993",181526,1681,"sienna"
"WBGene00011013",187578,2079,"lightyellow"
"WBGene00011015",179690,27,"coral"
"WBGene00011032",172651,1285,"whitesmoke"
"WBGene00011038",174582,387,"coral"
"WBGene00011058",173075,1000,"whitesmoke"
"WBGene00011059",173076,12,"coral"
"WBGene00011064",172466,1271,"whitesmoke"
"WBGene00011088",187655,1713,"sienna"
"WBGene00011097",187660,445,"coral"
"WBGene00011101",184224,1745,"sienna"
"WBGene00011110",175573,85,"coral"
"WBGene00011115",175577,1705,"sienna"
"WBGene00011144",176269,996,"whitesmoke"
"WBGene00011184",3565792,1821,"sienna"
"WBGene00011189",259659,1229,"whitesmoke"
"WBGene00011198",175550,821,"whitesmoke"
"WBGene00011217",187778,1651,"whitesmoke"
"WBGene00011220",187781,1897,"darkseagreen"
"WBGene00011230",172554,171,"coral"
"WBGene00011239",177925,302,"coral"
"WBGene00011249",187819,2014,"goldenrod"
"WBGene00011259",3565074,885,"whitesmoke"
"WBGene00011264",187873,2026,"goldenrod"
"WBGene00011269",176513,528,"coral"
"WBGene00011270",179630,374,"coral"
"WBGene00011273",174554,39,"coral"
"WBGene00011283",179768,1308,"whitesmoke"
"WBGene00011297",3564803,573,"coral"
"WBGene00011304",174623,1023,"whitesmoke"
"WBGene00011317",266948,1655,"whitesmoke"
"WBGene00011344",172609,879,"whitesmoke"
"WBGene00011345",187968,1357,"whitesmoke"
"WBGene00011351",187969,1737,"sienna"
"WBGene00011380",3564953,1607,"whitesmoke"
"WBGene00011383",179568,1082,"whitesmoke"
"WBGene00011391",180368,183,"coral"
"WBGene00011412",188040,320,"coral"
"WBGene00011441",181352,172,"coral"
"WBGene00011476",176789,1749,"sienna"
"WBGene00011481",178013,887,"whitesmoke"
"WBGene00011482",188131,1542,"whitesmoke"
"WBGene00011490",172807,1142,"whitesmoke"
"WBGene00011497",353385,852,"whitesmoke"
"WBGene00011511",174296,1453,"whitesmoke"
"WBGene00011538",180039,1364,"whitesmoke"
"WBGene00011542",188192,630,"coral"
"WBGene00011564",181413,1039,"whitesmoke"
"WBGene00011592",179764,1893,"darkseagreen"
"WBGene00011634",174263,1043,"whitesmoke"
"WBGene00011639",174269,350,"coral"
"WBGene00011643",181189,2082,"lightyellow"
"WBGene00011655",188334,639,"coral"
"WBGene00011679",181611,233,"coral"
"WBGene00011709",188419,1674,"whitesmoke"
"WBGene00011730",259546,1013,"whitesmoke"
"WBGene00011732",176799,1593,"whitesmoke"
"WBGene00011737",178139,748,"whitesmoke"
"WBGene00011761",174362,1214,"whitesmoke"
"WBGene00011765",181541,492,"coral"
"WBGene00011772",188503,1825,"sienna"
"WBGene00011773",177892,2048,"lightyellow"
"WBGene00011857",177761,231,"coral"
"WBGene00011864",172897,744,"whitesmoke"
"WBGene00011868",176436,1722,"sienna"
"WBGene00011872",176435,1288,"whitesmoke"
"WBGene00011874",260150,1663,"whitesmoke"
"WBGene00011875",259528,198,"coral"
"WBGene00011879",188683,1783,"sienna"
"WBGene00011883",174422,128,"coral"
"WBGene00011885",174424,1706,"sienna"
"WBGene00011888",174426,1598,"whitesmoke"
"WBGene00011892",179476,746,"whitesmoke"
"WBGene00011897",179481,245,"coral"
"WBGene00011900",188690,637,"coral"
"WBGene00011908",172950,1460,"whitesmoke"
"WBGene00011920",172573,1349,"whitesmoke"
"WBGene00011940",178222,1877,"darkseagreen"
"WBGene00011952",188811,2077,"lightyellow"
"WBGene00011953",175610,989,"whitesmoke"
"WBGene00011955",188812,1587,"whitesmoke"
"WBGene00011957",3565839,2067,"lightyellow"
"WBGene00011962",176302,1119,"whitesmoke"
"WBGene00011984",188842,1808,"sienna"
"WBGene00011995",174728,958,"whitesmoke"
"WBGene00012005",174452,1887,"darkseagreen"
"WBGene00012009",188881,1600,"whitesmoke"
"WBGene00012014",177969,889,"whitesmoke"
"WBGene00012017",188886,1785,"sienna"
"WBGene00012031",172509,967,"whitesmoke"
"WBGene00012038",188923,472,"coral"
"WBGene00012073",181684,1557,"whitesmoke"
"WBGene00012093",3564875,1837,"sienna"
"WBGene00012094",176772,133,"coral"
"WBGene00012096",176777,602,"coral"
"WBGene00012100",179596,1574,"whitesmoke"
"WBGene00012106",173119,1135,"whitesmoke"
"WBGene00012113",172599,835,"whitesmoke"
"WBGene00012124",176566,1522,"whitesmoke"
"WBGene00012126",176563,294,"coral"
"WBGene00012156",174744,1944,"goldenrod"
"WBGene00012157",174745,1940,"goldenrod"
"WBGene00012158",181374,892,"whitesmoke"
"WBGene00012165",189075,2068,"lightyellow"
"WBGene00012166",172438,135,"coral"
"WBGene00012173",189083,2034,"goldenrod"
"WBGene00012179",175141,187,"coral"
"WBGene00012184",180350,1480,"whitesmoke"
"WBGene00012192",173142,1237,"whitesmoke"
"WBGene00012193",173143,724,"whitesmoke"
"WBGene00012194",173144,1052,"whitesmoke"
"WBGene00012200",NA,1921,"darkseagreen"
"WBGene00012206",174754,1011,"whitesmoke"
"WBGene00012221",174835,1225,"whitesmoke"
"WBGene00012274",173177,1317,"whitesmoke"
"WBGene00012300",181389,468,"coral"
"WBGene00012307",189253,2059,"lightyellow"
"WBGene00012311",189259,703,"coral"
"WBGene00012337",179789,1228,"whitesmoke"
"WBGene00012342",177824,1209,"whitesmoke"
"WBGene00012343",173203,929,"whitesmoke"
"WBGene00012354",173237,18,"coral"
"WBGene00012361",176495,304,"coral"
"WBGene00012395",174818,369,"coral"
"WBGene00012420",178455,795,"whitesmoke"
"WBGene00012457",189453,1736,"sienna"
"WBGene00012459",174839,1139,"whitesmoke"
"WBGene00012473",259467,1565,"whitesmoke"
"WBGene00012476",189472,581,"coral"
"WBGene00012479",173152,357,"coral"
"WBGene00012483",173157,104,"coral"
"WBGene00012487",173155,1826,"sienna"
"WBGene00012522",180109,1417,"whitesmoke"
"WBGene00012527",179457,522,"coral"
"WBGene00012541",189602,1789,"sienna"
"WBGene00012553",176707,10,"coral"
"WBGene00012556",189618,328,"coral"
"WBGene00012578",173244,1190,"whitesmoke"
"WBGene00012581",174892,578,"coral"
"WBGene00012585",174895,1838,"sienna"
"WBGene00012586",189655,2018,"goldenrod"
"WBGene00012605",174938,454,"coral"
"WBGene00012631",180346,708,"coral"
"WBGene00012633",189701,675,"coral"
"WBGene00012642",189706,692,"coral"
"WBGene00012645",176482,190,"coral"
"WBGene00012655",189711,607,"coral"
"WBGene00012657",176492,323,"coral"
"WBGene00012658",176493,282,"coral"
"WBGene00012662",189715,1474,"whitesmoke"
"WBGene00012692",180246,985,"whitesmoke"
"WBGene00012693",180245,1117,"whitesmoke"
"WBGene00012766",178417,741,"whitesmoke"
"WBGene00012768",178419,188,"coral"
"WBGene00012828",180285,419,"coral"
"WBGene00012841",174851,406,"coral"
"WBGene00012850",189898,1950,"goldenrod"
"WBGene00012851",180355,411,"coral"
"WBGene00012885",178344,223,"coral"
"WBGene00012903",174908,938,"whitesmoke"
"WBGene00012916",174921,526,"coral"
"WBGene00012931",3565090,1262,"whitesmoke"
"WBGene00012951",173068,1004,"whitesmoke"
"WBGene00012964",176531,1101,"whitesmoke"
"WBGene00012967",190011,1914,"darkseagreen"
"WBGene00012968",176533,1797,"sienna"
"WBGene00012983",175079,1151,"whitesmoke"
"WBGene00012992",174976,321,"coral"
"WBGene00013002",174999,1070,"whitesmoke"
"WBGene00013004",175001,273,"coral"
"WBGene00013011",174997,1283,"whitesmoke"
"WBGene00013017",174984,229,"coral"
"WBGene00013020",173217,1261,"whitesmoke"
"WBGene00013025",3564970,1694,"sienna"
"WBGene00013029",176662,1144,"whitesmoke"
"WBGene00013042",176674,1530,"whitesmoke"
"WBGene00013054",190111,613,"coral"
"WBGene00013085",174490,699,"coral"
"WBGene00013086",174491,415,"coral"
"WBGene00013094",175038,70,"coral"
"WBGene00013098",190144,1268,"whitesmoke"
"WBGene00013127",173004,572,"coral"
"WBGene00013143",190203,1426,"whitesmoke"
"WBGene00013144",174534,916,"whitesmoke"
"WBGene00013173",175164,2065,"lightyellow"
"WBGene00013175",190229,2088,"lightyellow"
"WBGene00013210",175017,274,"coral"
"WBGene00013211",259327,1360,"whitesmoke"
"WBGene00013218",175088,244,"coral"
"WBGene00013221",266873,1654,"whitesmoke"
"WBGene00013225",176616,1019,"whitesmoke"
"WBGene00013227",176618,1741,"sienna"
"WBGene00013236",176624,779,"whitesmoke"
"WBGene00013237",176622,202,"coral"
"WBGene00013242",176634,1973,"goldenrod"
"WBGene00013254",174865,438,"coral"
"WBGene00013258",174860,1218,"whitesmoke"
"WBGene00013302",178397,1106,"whitesmoke"
"WBGene00013315",353433,1640,"whitesmoke"
"WBGene00013319",178412,486,"coral"
"WBGene00013323",178394,1282,"whitesmoke"
"WBGene00013325",259844,1267,"whitesmoke"
"WBGene00013345",180182,900,"whitesmoke"
"WBGene00013355",190400,1280,"whitesmoke"
"WBGene00013360",180307,908,"whitesmoke"
"WBGene00013370",190441,601,"coral"
"WBGene00013378",178300,733,"whitesmoke"
"WBGene00013382",190457,1572,"whitesmoke"
"WBGene00013406",173279,207,"coral"
"WBGene00013416",178377,1504,"whitesmoke"
"WBGene00013421",190489,436,"coral"
"WBGene00013435",176588,1169,"whitesmoke"
"WBGene00013437",176586,1818,"sienna"
"WBGene00013440",190498,1795,"sienna"
"WBGene00013456",190509,1606,"whitesmoke"
"WBGene00013462",178287,808,"whitesmoke"
"WBGene00013463",178288,8,"coral"
"WBGene00013538",178437,826,"whitesmoke"
"WBGene00013544",176646,1323,"whitesmoke"
"WBGene00013545",190701,1133,"whitesmoke"
"WBGene00013566",190715,659,"coral"
"WBGene00013577",176786,1111,"whitesmoke"
"WBGene00013583",180233,421,"coral"
"WBGene00013599",190778,1359,"whitesmoke"
"WBGene00013603",3565861,1140,"whitesmoke"
"WBGene00013605",173000,1199,"whitesmoke"
"WBGene00013632",178439,1386,"whitesmoke"
"WBGene00013673",260217,2072,"lightyellow"
"WBGene00013677",173311,990,"whitesmoke"
"WBGene00013688",173322,1163,"whitesmoke"
"WBGene00013696",172848,2087,"lightyellow"
"WBGene00013709",172891,947,"whitesmoke"
"WBGene00013711",172898,1611,"whitesmoke"
"WBGene00013713",260220,1621,"whitesmoke"
"WBGene00013717",190925,1291,"whitesmoke"
"WBGene00013721",190927,431,"coral"
"WBGene00013734",176678,804,"whitesmoke"
"WBGene00013760",190974,615,"coral"
"WBGene00013768",190979,1020,"whitesmoke"
"WBGene00013776",190986,1834,"sienna"
"WBGene00013789",178473,1059,"whitesmoke"
"WBGene00013790",3565140,1179,"whitesmoke"
"WBGene00013794",178476,599,"coral"
"WBGene00013796",178477,598,"coral"
"WBGene00013797",178478,666,"coral"
"WBGene00013799",178479,597,"coral"
"WBGene00013803",178482,922,"whitesmoke"
"WBGene00013804",191004,288,"coral"
"WBGene00013809",178488,668,"coral"
"WBGene00013819",180296,1570,"whitesmoke"
"WBGene00013846",191073,521,"coral"
"WBGene00013882",177728,1514,"whitesmoke"
"WBGene00013884",3565691,1754,"sienna"
"WBGene00013898",179758,1207,"whitesmoke"
"WBGene00013899",191170,1343,"whitesmoke"
"WBGene00013959",191278,1967,"goldenrod"
"WBGene00013962",179356,1412,"whitesmoke"
"WBGene00013983",176292,1205,"whitesmoke"
"WBGene00013989",3565910,1294,"whitesmoke"
"WBGene00013997",178501,259,"coral"
"WBGene00014001",177984,1733,"sienna"
"WBGene00014029",176262,631,"coral"
"WBGene00014031",176251,770,"whitesmoke"
"WBGene00014036",176263,948,"whitesmoke"
"WBGene00014054",174279,362,"coral"
"WBGene00014061",174610,529,"coral"
"WBGene00014062",174611,701,"coral"
"WBGene00014064",191391,566,"coral"
"WBGene00014076",178100,1132,"whitesmoke"
"WBGene00014078",178103,994,"whitesmoke"
"WBGene00014088",178093,450,"coral"
"WBGene00014096",178132,1331,"whitesmoke"
"WBGene00014113",179421,2076,"lightyellow"
"WBGene00014117",172736,390,"coral"
"WBGene00014118",172738,1152,"whitesmoke"
"WBGene00014120",259389,1378,"whitesmoke"
"WBGene00014141",181171,1471,"whitesmoke"
"WBGene00014144",191457,480,"coral"
"WBGene00014165",174572,1029,"whitesmoke"
"WBGene00014172",174594,242,"coral"
"WBGene00014178",191490,2058,"lightyellow"
"WBGene00014197",191507,1844,"sienna"
"WBGene00014201",191510,1671,"whitesmoke"
"WBGene00014203",175506,1723,"sienna"
"WBGene00014204",175505,1687,"sienna"
"WBGene00014213",181689,1168,"whitesmoke"
"WBGene00014215",181495,1712,"sienna"
"WBGene00014220",176346,1346,"whitesmoke"
"WBGene00014222",176344,838,"whitesmoke"
"WBGene00014226",3565174,266,"coral"
"WBGene00014229",191527,534,"coral"
"WBGene00014242",54162605,590,"coral"
"WBGene00014989",6418643,1739,"sienna"
"WBGene00015006",181822,662,"coral"
"WBGene00015008",172073,1457,"whitesmoke"
"WBGene00015009",172075,1208,"whitesmoke"
"WBGene00015021",172979,200,"coral"
"WBGene00015026",181834,1922,"darkseagreen"
"WBGene00015058",34700610,569,"coral"
"WBGene00015063",174251,959,"whitesmoke"
"WBGene00015092",172164,241,"coral"
"WBGene00015093",181890,1848,"sienna"
"WBGene00015114",181901,1852,"sienna"
"WBGene00015126",176218,806,"whitesmoke"
"WBGene00015129",181916,524,"coral"
"WBGene00015132",176223,427,"coral"
"WBGene00015133",181917,258,"coral"
"WBGene00015157",176029,1076,"whitesmoke"
"WBGene00015178",181984,1925,"darkseagreen"
"WBGene00015190",259415,1559,"whitesmoke"
"WBGene00015191",173413,1497,"whitesmoke"
"WBGene00015226",179253,2008,"goldenrod"
"WBGene00015232",172954,913,"whitesmoke"
"WBGene00015246",182028,1809,"sienna"
"WBGene00015247",182029,499,"coral"
"WBGene00015248",177106,120,"coral"
"WBGene00015251",177105,1050,"whitesmoke"
"WBGene00015265",182042,553,"coral"
"WBGene00015285",182061,1867,"darkseagreen"
"WBGene00015310",177415,1423,"whitesmoke"
"WBGene00015323",182105,612,"coral"
"WBGene00015327",177282,1330,"whitesmoke"
"WBGene00015350",3564805,1397,"whitesmoke"
"WBGene00015352",182124,823,"whitesmoke"
"WBGene00015391",181108,174,"coral"
"WBGene00015405",173427,1047,"whitesmoke"
"WBGene00015425",178978,341,"coral"
"WBGene00015461",179115,1255,"whitesmoke"
"WBGene00015468",175775,1085,"whitesmoke"
"WBGene00015474",180465,963,"whitesmoke"
"WBGene00015476",180466,545,"coral"
"WBGene00015487",175912,257,"coral"
"WBGene00015494",180730,1182,"whitesmoke"
"WBGene00015508",182286,1120,"whitesmoke"
"WBGene00015513",174255,1009,"whitesmoke"
"WBGene00015514",174259,2047,"lightyellow"
"WBGene00015555",177471,882,"whitesmoke"
"WBGene00015561",180723,971,"whitesmoke"
"WBGene00015567",174210,1871,"darkseagreen"
"WBGene00015581",176063,819,"whitesmoke"
"WBGene00015611",182412,398,"coral"
"WBGene00015615",182425,1983,"goldenrod"
"WBGene00015618",182428,1836,"sienna"
"WBGene00015621",182438,1484,"whitesmoke"
"WBGene00015648",175221,935,"whitesmoke"
"WBGene00015651",182467,1599,"whitesmoke"
"WBGene00015668",182488,670,"coral"
"WBGene00015680",177352,347,"coral"
"WBGene00015684",178920,1729,"sienna"
"WBGene00015687",172326,723,"whitesmoke"
"WBGene00015689",172325,596,"coral"
"WBGene00015708",182536,1803,"sienna"
"WBGene00015740",181134,1884,"darkseagreen"
"WBGene00015741",24104204,1425,"whitesmoke"
"WBGene00015742",182578,1324,"whitesmoke"
"WBGene00015743",179109,1077,"whitesmoke"
"WBGene00015748",182590,1523,"whitesmoke"
"WBGene00015751",180572,1614,"whitesmoke"
"WBGene00015752",176147,248,"coral"
"WBGene00015755",259519,103,"coral"
"WBGene00015767",178951,2049,"lightyellow"
"WBGene00015776",181053,898,"whitesmoke"
"WBGene00015779",180893,1284,"whitesmoke"
"WBGene00015786",180920,1670,"whitesmoke"
"WBGene00015787",182629,1372,"whitesmoke"
"WBGene00015792",182634,500,"coral"
"WBGene00015800",182643,349,"coral"
"WBGene00015810",175904,30,"coral"
"WBGene00015811",175903,843,"whitesmoke"
"WBGene00015820",182651,660,"coral"
"WBGene00015857",179207,2086,"lightyellow"
"WBGene00015862",NA,1920,"darkseagreen"
"WBGene00015866",180967,1344,"whitesmoke"
"WBGene00015868",181787,903,"whitesmoke"
"WBGene00015885",182711,432,"coral"
"WBGene00015915",173947,1434,"whitesmoke"
"WBGene00015918",173948,1908,"darkseagreen"
"WBGene00015926",181076,1063,"whitesmoke"
"WBGene00015927",177440,237,"coral"
"WBGene00015931",182754,546,"coral"
"WBGene00015938",177439,1279,"whitesmoke"
"WBGene00015941",173968,1053,"whitesmoke"
"WBGene00016003",174104,2066,"lightyellow"
"WBGene00016021",173387,1191,"whitesmoke"
"WBGene00016033",181141,1475,"whitesmoke"
"WBGene00016039",182831,1787,"sienna"
"WBGene00016051",182840,641,"coral"
"WBGene00016056",182846,405,"coral"
"WBGene00016057",177287,285,"coral"
"WBGene00016068",182856,1486,"whitesmoke"
"WBGene00016071",182866,1156,"whitesmoke"
"WBGene00016072",NA,1563,"whitesmoke"
"WBGene00016073",173432,1203,"whitesmoke"
"WBGene00016091",182887,1987,"goldenrod"
"WBGene00016102",180820,1347,"whitesmoke"
"WBGene00016115",173960,738,"whitesmoke"
"WBGene00016118",173963,116,"coral"
"WBGene00016123",182923,339,"coral"
"WBGene00016129",177599,209,"coral"
"WBGene00016135",182932,1558,"whitesmoke"
"WBGene00016142",175666,246,"coral"
"WBGene00016148",179155,1224,"whitesmoke"
"WBGene00016167",175672,817,"whitesmoke"
"WBGene00016181",177650,604,"coral"
"WBGene00016195",175833,799,"whitesmoke"
"WBGene00016200",175832,868,"whitesmoke"
"WBGene00016208",32091597,1388,"whitesmoke"
"WBGene00016209",259333,919,"whitesmoke"
"WBGene00016237",174021,1533,"whitesmoke"
"WBGene00016244",174028,832,"whitesmoke"
"WBGene00016249",176197,252,"coral"
"WBGene00016258",172134,1686,"sienna"
"WBGene00016289",183098,1414,"whitesmoke"
"WBGene00016292",180784,1383,"whitesmoke"
"WBGene00016295",173477,1104,"whitesmoke"
"WBGene00016303",173476,548,"coral"
"WBGene00016326",171953,1293,"whitesmoke"
"WBGene00016354",173828,364,"coral"
"WBGene00016383",177568,1201,"whitesmoke"
"WBGene00016384",3565046,1269,"whitesmoke"
"WBGene00016393",172969,87,"coral"
"WBGene00016412",175718,203,"coral"
"WBGene00016423",180886,1404,"whitesmoke"
"WBGene00016429",183227,2060,"lightyellow"
"WBGene00016434",177166,711,"coral"
"WBGene00016442",183238,351,"coral"
"WBGene00016446",175646,179,"coral"
"WBGene00016453",172993,383,"coral"
"WBGene00016456",172990,1247,"whitesmoke"
"WBGene00016466",183255,2017,"goldenrod"
"WBGene00016493",172401,107,"coral"
"WBGene00016496",179165,1683,"sienna"
"WBGene00016507",178877,1410,"whitesmoke"
"WBGene00016511",178878,893,"whitesmoke"
"WBGene00016539",178619,1365,"whitesmoke"
"WBGene00016545",183352,1366,"whitesmoke"
"WBGene00016549",173572,1040,"whitesmoke"
"WBGene00016558",180815,1750,"sienna"
"WBGene00016568",180839,512,"coral"
"WBGene00016589",178176,305,"coral"
"WBGene00016606",172023,933,"whitesmoke"
"WBGene00016610",177416,1281,"whitesmoke"
"WBGene00016611",183417,228,"coral"
"WBGene00016614",180546,1032,"whitesmoke"
"WBGene00016616",180545,970,"whitesmoke"
"WBGene00016626",183429,413,"coral"
"WBGene00016629",183430,1716,"sienna"
"WBGene00016635",259495,1303,"whitesmoke"
"WBGene00016643",180449,813,"whitesmoke"
"WBGene00016653",172070,1060,"whitesmoke"
"WBGene00016661",180874,1431,"whitesmoke"
"WBGene00016663",171885,1991,"goldenrod"
"WBGene00016676",175686,1709,"sienna"
"WBGene00016684",259506,1977,"goldenrod"
"WBGene00016692",183491,713,"coral"
"WBGene00016695",178694,584,"coral"
"WBGene00016698",183497,1799,"sienna"
"WBGene00016712",173716,712,"coral"
"WBGene00016739",177512,379,"coral"
"WBGene00016740",172420,1177,"whitesmoke"
"WBGene00016761",183595,1816,"sienna"
"WBGene00016779",260202,471,"coral"
"WBGene00016790",177582,820,"whitesmoke"
"WBGene00016823",183663,1832,"sienna"
"WBGene00016824",179145,632,"coral"
"WBGene00016834",183672,648,"coral"
"WBGene00016835",NA,577,"coral"
"WBGene00016841",183676,1451,"whitesmoke"
"WBGene00016844",177555,336,"coral"
"WBGene00016862",178909,1796,"sienna"
"WBGene00016889",174146,1947,"goldenrod"
"WBGene00016890",353399,444,"coral"
"WBGene00016903",171616,1459,"whitesmoke"
"WBGene00016905",171617,837,"whitesmoke"
"WBGene00016909",183763,652,"coral"
"WBGene00016939",180984,509,"coral"
"WBGene00016949",183849,592,"coral"
"WBGene00016955",177348,1886,"darkseagreen"
"WBGene00016961",174091,784,"whitesmoke"
"WBGene00016962",174088,2055,"lightyellow"
"WBGene00016963",174087,2084,"lightyellow"
"WBGene00016965",183859,358,"coral"
"WBGene00016966",174092,926,"whitesmoke"
"WBGene00016989",259341,175,"coral"
"WBGene00017016",179193,962,"whitesmoke"
"WBGene00017023",174215,1377,"whitesmoke"
"WBGene00017036",183923,1899,"darkseagreen"
"WBGene00017053",177496,850,"whitesmoke"
"WBGene00017066",183963,1160,"whitesmoke"
"WBGene00017076",183967,1975,"goldenrod"
"WBGene00017090",266828,465,"coral"
"WBGene00017112",177262,1676,"whitesmoke"
"WBGene00017119",177242,185,"coral"
"WBGene00017121",177243,24,"coral"
"WBGene00017124",174179,1794,"sienna"
"WBGene00017133",173923,1022,"whitesmoke"
"WBGene00017135",173921,462,"coral"
"WBGene00017137",173918,1014,"whitesmoke"
"WBGene00017138",173919,1001,"whitesmoke"
"WBGene00017140",173922,483,"coral"
"WBGene00017143",173924,881,"whitesmoke"
"WBGene00017148",184048,1672,"whitesmoke"
"WBGene00017159",175828,346,"coral"
"WBGene00017161",175823,1175,"whitesmoke"
"WBGene00017165",175825,953,"whitesmoke"
"WBGene00017166",175827,277,"coral"
"WBGene00017176",184090,538,"coral"
"WBGene00017189",184116,1627,"whitesmoke"
"WBGene00017190",184118,1891,"darkseagreen"
"WBGene00017193",184123,1534,"whitesmoke"
"WBGene00017221",184149,1831,"sienna"
"WBGene00017239",184173,1034,"whitesmoke"
"WBGene00017240",184174,960,"whitesmoke"
"WBGene00017278",184238,1782,"sienna"
"WBGene00017286",173906,227,"coral"
"WBGene00017289",184242,1704,"sienna"
"WBGene00017298",180492,1016,"whitesmoke"
"WBGene00017309",180688,1495,"whitesmoke"
"WBGene00017319",184267,275,"coral"
"WBGene00017320",184268,1625,"whitesmoke"
"WBGene00017323",184271,1840,"sienna"
"WBGene00017347",174168,1083,"whitesmoke"
"WBGene00017348",184301,1213,"whitesmoke"
"WBGene00017359",260096,491,"coral"
"WBGene00017363",184313,649,"coral"
"WBGene00017365",184315,442,"coral"
"WBGene00017369",173806,907,"whitesmoke"
"WBGene00017373",173813,1340,"whitesmoke"
"WBGene00017382",184346,674,"coral"
"WBGene00017400",184378,1895,"darkseagreen"
"WBGene00017406",184388,600,"coral"
"WBGene00017422",180411,1594,"whitesmoke"
"WBGene00017453",184456,591,"coral"
"WBGene00017469",184486,1924,"darkseagreen"
"WBGene00017508",184559,501,"coral"
"WBGene00017538",179001,540,"coral"
"WBGene00017571",181111,939,"whitesmoke"
"WBGene00017576",184652,1624,"whitesmoke"
"WBGene00017598",184684,593,"coral"
"WBGene00017609",184691,1777,"sienna"
"WBGene00017610",NA,1855,"sienna"
"WBGene00017632",180694,624,"coral"
"WBGene00017640",179196,1513,"whitesmoke"
"WBGene00017676",3565133,1307,"whitesmoke"
"WBGene00017696",176209,1358,"whitesmoke"
"WBGene00017699",174134,814,"whitesmoke"
"WBGene00017702",174135,1371,"whitesmoke"
"WBGene00017734",171800,117,"coral"
"WBGene00017744",184901,1069,"whitesmoke"
"WBGene00017749",24104475,1183,"whitesmoke"
"WBGene00017752",184905,555,"coral"
"WBGene00017760",175253,1868,"darkseagreen"
"WBGene00017776",175841,330,"coral"
"WBGene00017802",175639,1901,"darkseagreen"
"WBGene00017814",181025,1476,"whitesmoke"
"WBGene00017822",184976,688,"coral"
"WBGene00017834",178972,1026,"whitesmoke"
"WBGene00017848",185006,638,"coral"
"WBGene00017854",172193,1332,"whitesmoke"
"WBGene00017855",172192,1079,"whitesmoke"
"WBGene00017874",173466,335,"coral"
"WBGene00017885",3565539,1002,"whitesmoke"
"WBGene00017889",172114,162,"coral"
"WBGene00017898",180405,1874,"darkseagreen"
"WBGene00017899",NA,640,"coral"
"WBGene00017900",177223,1299,"whitesmoke"
"WBGene00017904",175952,2054,"lightyellow"
"WBGene00017925",177231,110,"coral"
"WBGene00017926",176828,76,"coral"
"WBGene00017930",185122,1438,"whitesmoke"
"WBGene00017959",185168,709,"coral"
"WBGene00017967",174194,1942,"goldenrod"
"WBGene00017971",353400,1885,"darkseagreen"
"WBGene00017982",178830,167,"coral"
"WBGene00017983",178832,1520,"whitesmoke"
"WBGene00017988",178835,797,"whitesmoke"
"WBGene00018006",172256,2046,"lightyellow"
"WBGene00018009",172257,1113,"whitesmoke"
"WBGene00018041",174229,1355,"whitesmoke"
"WBGene00018045",173797,1538,"whitesmoke"
"WBGene00018046",173796,283,"coral"
"WBGene00018075",180444,249,"coral"
"WBGene00018115",185390,1595,"whitesmoke"
"WBGene00018136",185405,1992,"goldenrod"
"WBGene00018151",176008,125,"coral"
"WBGene00018175",185454,1526,"whitesmoke"
"WBGene00018187",181711,742,"whitesmoke"
"WBGene00018193",180759,2045,"lightyellow"
"WBGene00018206",185500,1553,"whitesmoke"
"WBGene00018212",180432,1472,"whitesmoke"
"WBGene00018240",175186,324,"coral"
"WBGene00018241",185554,1230,"whitesmoke"
"WBGene00018242",185555,1095,"whitesmoke"
"WBGene00018245",185557,487,"coral"
"WBGene00018247",185559,493,"coral"
"WBGene00018258",180953,1677,"whitesmoke"
"WBGene00018262",3565571,1907,"darkseagreen"
"WBGene00018281",181091,1544,"whitesmoke"
"WBGene00018304",3565243,1419,"whitesmoke"
"WBGene00018305",174111,1033,"whitesmoke"
"WBGene00018311",185637,451,"coral"
"WBGene00018330",177102,1051,"whitesmoke"
"WBGene00018338",185657,1996,"goldenrod"
"WBGene00018348",177502,1767,"sienna"
"WBGene00018360",177605,1790,"sienna"
"WBGene00018393",185709,1328,"whitesmoke"
"WBGene00018395",174207,940,"whitesmoke"
"WBGene00018411",259518,1835,"sienna"
"WBGene00018422",176247,296,"coral"
"WBGene00018423",185734,1618,"whitesmoke"
"WBGene00018428",185738,1823,"sienna"
"WBGene00018431",185741,192,"coral"
"WBGene00018442",185773,482,"coral"
"WBGene00018462",185790,1462,"whitesmoke"
"WBGene00018468",177539,1518,"whitesmoke"
"WBGene00018475",185803,208,"coral"
"WBGene00018484",185847,1779,"sienna"
"WBGene00018508",172221,1244,"whitesmoke"
"WBGene00018509",172218,1870,"darkseagreen"
"WBGene00018516",180844,1376,"whitesmoke"
"WBGene00018539",185907,2029,"goldenrod"
"WBGene00018558",185928,621,"coral"
"WBGene00018593",185970,1316,"whitesmoke"
"WBGene00018599",172177,327,"coral"
"WBGene00018639",180856,1597,"whitesmoke"
"WBGene00018641",186045,2064,"lightyellow"
"WBGene00018674",175732,219,"coral"
"WBGene00018683",186101,532,"coral"
"WBGene00018709",186126,1857,"sienna"
"WBGene00018714",180559,1333,"whitesmoke"
"WBGene00018730",186146,1909,"darkseagreen"
"WBGene00018746",186158,416,"coral"
"WBGene00018747",173732,1188,"whitesmoke"
"WBGene00018748",259429,1098,"whitesmoke"
"WBGene00018757",178639,965,"whitesmoke"
"WBGene00018762",178728,1295,"whitesmoke"
"WBGene00018808",173728,633,"coral"
"WBGene00018850",NA,579,"coral"
"WBGene00018854",180454,1501,"whitesmoke"
"WBGene00018863",172185,355,"coral"
"WBGene00018866",172182,1292,"whitesmoke"
"WBGene00018890",172223,1178,"whitesmoke"
"WBGene00018893",172226,1287,"whitesmoke"
"WBGene00018943",186365,683,"coral"
"WBGene00018953",176040,911,"whitesmoke"
"WBGene00018961",3565469,326,"coral"
"WBGene00018963",175772,132,"coral"
"WBGene00018985",186404,1469,"whitesmoke"
"WBGene00019007",266653,106,"coral"
"WBGene00019008",172101,1719,"sienna"
"WBGene00019009",186446,464,"coral"
"WBGene00019019",186481,2081,"lightyellow"
"WBGene00019024",173883,586,"coral"
"WBGene00019030",175277,1740,"sienna"
"WBGene00019037",186510,412,"coral"
"WBGene00019044",186517,678,"coral"
"WBGene00019045",186518,437,"coral"
"WBGene00019048",186520,460,"coral"
"WBGene00019061",174059,92,"coral"
"WBGene00019076",172204,225,"coral"
"WBGene00019144",186664,1902,"darkseagreen"
"WBGene00019158",175407,992,"whitesmoke"
"WBGene00019164",186700,1822,"sienna"
"WBGene00019168",175414,1046,"whitesmoke"
"WBGene00019170",175412,361,"coral"
"WBGene00019187",186721,677,"coral"
"WBGene00019188",180495,1498,"whitesmoke"
"WBGene00019196",176058,883,"whitesmoke"
"WBGene00019205",177370,1450,"whitesmoke"
"WBGene00019212",175383,456,"coral"
"WBGene00019266",186802,515,"coral"
"WBGene00019275",178823,1096,"whitesmoke"
"WBGene00019292",186861,2042,"goldenrod"
"WBGene00019294",181077,1327,"whitesmoke"
"WBGene00019302",186877,642,"coral"
"WBGene00019305",176233,25,"coral"
"WBGene00019319",186890,1636,"whitesmoke"
"WBGene00019324",183992,1548,"whitesmoke"
"WBGene00019328",186903,520,"coral"
"WBGene00019346",180742,2057,"lightyellow"
"WBGene00019354",178858,279,"coral"
"WBGene00019367",186962,1812,"sienna"
"WBGene00019368",176959,1811,"sienna"
"WBGene00019381",175958,982,"whitesmoke"
"WBGene00019394",187002,1275,"whitesmoke"
"WBGene00019403",180764,1878,"darkseagreen"
"WBGene00019408",173977,1483,"whitesmoke"
"WBGene00019412",187031,449,"coral"
"WBGene00019444",187065,1819,"sienna"
"WBGene00019466",3565833,718,"whitesmoke"
"WBGene00019487",173742,1387,"whitesmoke"
"WBGene00019510",177621,1012,"whitesmoke"
"WBGene00019537",176979,58,"coral"
"WBGene00019543",177236,1058,"whitesmoke"
"WBGene00019556",187199,656,"coral"
"WBGene00019577",187222,440,"coral"
"WBGene00019584",187229,507,"coral"
"WBGene00019589",173584,1931,"darkseagreen"
"WBGene00019607",174054,1679,"sienna"
"WBGene00019629",175707,319,"coral"
"WBGene00019633",187263,360,"coral"
"WBGene00019649",178892,1775,"sienna"
"WBGene00019651",259619,1322,"whitesmoke"
"WBGene00019656",180940,1197,"whitesmoke"
"WBGene00019657",180941,1068,"whitesmoke"
"WBGene00019658",176890,331,"coral"
"WBGene00019661",187312,404,"coral"
"WBGene00019675",187323,1853,"sienna"
"WBGene00019678",176134,1030,"whitesmoke"
"WBGene00019680",187337,138,"coral"
"WBGene00019683",187341,459,"coral"
"WBGene00019713",172210,1743,"sienna"
"WBGene00019726",177142,1321,"whitesmoke"
"WBGene00019731",181122,646,"coral"
"WBGene00019733",180389,1456,"whitesmoke"
"WBGene00019753",187422,505,"coral"
"WBGene00019781",181080,1382,"whitesmoke"
"WBGene00019782",187467,1668,"whitesmoke"
"WBGene00019797",187482,461,"coral"
"WBGene00019800",187502,265,"coral"
"WBGene00019808",259621,890,"whitesmoke"
"WBGene00019821",176838,957,"whitesmoke"
"WBGene00019836",175754,1395,"whitesmoke"
"WBGene00019847",187543,1336,"whitesmoke"
"WBGene00019870",181126,1623,"whitesmoke"
"WBGene00019874",187600,1930,"darkseagreen"
"WBGene00019875",177004,1738,"sienna"
"WBGene00019909",187633,389,"coral"
"WBGene00019921",187667,1443,"whitesmoke"
"WBGene00019925",173472,478,"coral"
"WBGene00019929",187672,470,"coral"
"WBGene00019937",180862,218,"coral"
"WBGene00019944",174234,1503,"whitesmoke"
"WBGene00019947",177212,778,"whitesmoke"
"WBGene00019978",178638,1793,"sienna"
"WBGene00019988",187750,1543,"whitesmoke"
"WBGene00020014",187825,658,"coral"
"WBGene00020018",187835,1080,"whitesmoke"
"WBGene00020029",174009,1758,"sienna"
"WBGene00020036",172008,201,"coral"
"WBGene00020089",171628,281,"coral"
"WBGene00020092",246008,1200,"whitesmoke"
"WBGene00020112",176013,1936,"goldenrod"
"WBGene00020113",24104817,1067,"whitesmoke"
"WBGene00020131",172051,1492,"whitesmoke"
"WBGene00020142",181727,1155,"whitesmoke"
"WBGene00020175",173458,466,"coral"
"WBGene00020189",188022,1441,"whitesmoke"
"WBGene00020190",171963,1934,"goldenrod"
"WBGene00020246",179150,775,"whitesmoke"
"WBGene00020248",188112,551,"coral"
"WBGene00020299",176867,1154,"whitesmoke"
"WBGene00020301",180548,230,"coral"
"WBGene00020302",188219,1999,"goldenrod"
"WBGene00020324",180763,525,"coral"
"WBGene00020348",188274,991,"whitesmoke"
"WBGene00020351",188275,665,"coral"
"WBGene00020354",177260,552,"coral"
"WBGene00020368",173749,1487,"whitesmoke"
"WBGene00020370",178843,1913,"darkseagreen"
"WBGene00020374",259582,1454,"whitesmoke"
"WBGene00020389",178667,1159,"whitesmoke"
"WBGene00020390",178668,1313,"whitesmoke"
"WBGene00020391",178670,1939,"goldenrod"
"WBGene00020400",188369,697,"coral"
"WBGene00020412",172365,1277,"whitesmoke"
"WBGene00020417",172363,146,"coral"
"WBGene00020438",175884,609,"coral"
"WBGene00020439",NA,667,"coral"
"WBGene00020447",177511,886,"whitesmoke"
"WBGene00020469",188459,1771,"sienna"
"WBGene00020486",180891,974,"whitesmoke"
"WBGene00020500",174109,1131,"whitesmoke"
"WBGene00020502",188493,1473,"whitesmoke"
"WBGene00020503",188494,485,"coral"
"WBGene00020507",180534,1700,"sienna"
"WBGene00020510",188507,1356,"whitesmoke"
"WBGene00020511",180566,169,"coral"
"WBGene00020530",188527,401,"coral"
"WBGene00020540",188564,1400,"whitesmoke"
"WBGene00020556",266833,1315,"whitesmoke"
"WBGene00020562",175216,875,"whitesmoke"
"WBGene00020581",174097,1477,"whitesmoke"
"WBGene00020582",188609,1980,"goldenrod"
"WBGene00020596",181164,1445,"whitesmoke"
"WBGene00020612",188642,1817,"sienna"
"WBGene00020633",181736,1711,"sienna"
"WBGene00020634",188659,1784,"sienna"
"WBGene00020636",176023,144,"coral"
"WBGene00020648",24104914,441,"coral"
"WBGene00020665",188716,535,"coral"
"WBGene00020674",180832,513,"coral"
"WBGene00020682",177457,224,"coral"
"WBGene00020686",188741,587,"coral"
"WBGene00020699",188752,1828,"sienna"
"WBGene00020707",178560,671,"coral"
"WBGene00020717",179230,226,"coral"
"WBGene00020757",175248,408,"coral"
"WBGene00020777",188866,1903,"darkseagreen"
"WBGene00020822",175917,1231,"whitesmoke"
"WBGene00020823",175921,291,"coral"
"WBGene00020827",177643,964,"whitesmoke"
"WBGene00020830",180502,1467,"whitesmoke"
"WBGene00020852",188977,1869,"darkseagreen"
"WBGene00020853",188978,1424,"whitesmoke"
"WBGene00020868",266853,774,"whitesmoke"
"WBGene00020869",189009,603,"coral"
"WBGene00020894",174074,772,"whitesmoke"
"WBGene00020906",189063,1804,"sienna"
"WBGene00020915",171901,1025,"whitesmoke"
"WBGene00020918",189087,1824,"sienna"
"WBGene00020919",180834,1147,"whitesmoke"
"WBGene00020920",180835,1089,"whitesmoke"
"WBGene00020921",180836,1174,"whitesmoke"
"WBGene00020942",179212,803,"whitesmoke"
"WBGene00020950",179063,794,"whitesmoke"
"WBGene00020993",177294,300,"coral"
"WBGene00021009",171776,1038,"whitesmoke"
"WBGene00021019",NA,1075,"whitesmoke"
"WBGene00021021",175359,210,"coral"
"WBGene00021031",189206,1635,"whitesmoke"
"WBGene00021044",180482,1041,"whitesmoke"
"WBGene00021046",180478,1092,"whitesmoke"
"WBGene00021047",180479,1233,"whitesmoke"
"WBGene00021052",187814,2094,"lightyellow"
"WBGene00021059",180852,1541,"whitesmoke"
"WBGene00021063",175218,1090,"whitesmoke"
"WBGene00021073",173437,1153,"whitesmoke"
"WBGene00021074",173439,1314,"whitesmoke"
"WBGene00021078",178787,284,"coral"
"WBGene00021088",177097,298,"coral"
"WBGene00021089",189295,1974,"goldenrod"
"WBGene00021099",189302,690,"coral"
"WBGene00021127",189332,439,"coral"
"WBGene00021165",189362,595,"coral"
"WBGene00021180",189418,497,"coral"
"WBGene00021186",174214,1353,"whitesmoke"
"WBGene00021187",NA,1494,"whitesmoke"
"WBGene00021209",171663,1707,"sienna"
"WBGene00021248",175315,173,"coral"
"WBGene00021276",171811,1398,"whitesmoke"
"WBGene00021277",171810,1226,"whitesmoke"
"WBGene00021286",177202,113,"coral"
"WBGene00021293",173653,370,"coral"
"WBGene00021301",189576,663,"coral"
"WBGene00021314",175740,1220,"whitesmoke"
"WBGene00021315",175741,1172,"whitesmoke"
"WBGene00021316",175742,952,"whitesmoke"
"WBGene00021324",180799,1370,"whitesmoke"
"WBGene00021327",171682,268,"coral"
"WBGene00021333",189589,1447,"whitesmoke"
"WBGene00021350",171767,115,"coral"
"WBGene00021353",171771,420,"coral"
"WBGene00021358",177131,1633,"whitesmoke"
"WBGene00021364",189622,647,"coral"
"WBGene00021365",177135,1373,"whitesmoke"
"WBGene00021371",177137,1774,"sienna"
"WBGene00021394",176836,897,"whitesmoke"
"WBGene00021419",177029,385,"coral"
"WBGene00021421",177026,160,"coral"
"WBGene00021442",175325,1727,"sienna"
"WBGene00021444",175332,1721,"sienna"
"WBGene00021448",178565,1849,"sienna"
"WBGene00021463",189770,1449,"whitesmoke"
"WBGene00021467",171789,1192,"whitesmoke"
"WBGene00021475",171791,1948,"goldenrod"
"WBGene00021493",178687,1604,"whitesmoke"
"WBGene00021506",176983,816,"whitesmoke"
"WBGene00021521",NA,1764,"sienna"
"WBGene00021547",189904,993,"whitesmoke"
"WBGene00021548",189905,932,"whitesmoke"
"WBGene00021562",178735,112,"coral"
"WBGene00021601",189963,673,"coral"
"WBGene00021614",178906,1972,"goldenrod"
"WBGene00021629",172032,802,"whitesmoke"
"WBGene00021634",171923,862,"whitesmoke"
"WBGene00021636",171920,983,"whitesmoke"
"WBGene00021641",189995,433,"coral"
"WBGene00021660",171622,1351,"whitesmoke"
"WBGene00021697",190051,297,"coral"
"WBGene00021715",173696,1338,"whitesmoke"
"WBGene00021733",171633,1863,"darkseagreen"
"WBGene00021735",178618,1301,"whitesmoke"
"WBGene00021750",178600,337,"coral"
"WBGene00021757",175191,308,"coral"
"WBGene00021765",245996,1409,"whitesmoke"
"WBGene00021784",173518,927,"whitesmoke"
"WBGene00021800",175429,153,"coral"
"WBGene00021808",175430,1866,"darkseagreen"
"WBGene00021811",175433,1696,"sienna"
"WBGene00021815",175431,342,"coral"
"WBGene00021829",171889,243,"coral"
"WBGene00021830",171892,1180,"whitesmoke"
"WBGene00021839",266824,41,"coral"
"WBGene00021888",177074,909,"whitesmoke"
"WBGene00021890",177079,1194,"whitesmoke"
"WBGene00021897",259560,1656,"whitesmoke"
"WBGene00021904",190298,1105,"whitesmoke"
"WBGene00021906",175211,1334,"whitesmoke"
"WBGene00021909",175199,1734,"sienna"
"WBGene00021918",175409,570,"coral"
"WBGene00021927",176923,1584,"whitesmoke"
"WBGene00021947",190321,1923,"darkseagreen"
"WBGene00021952",177103,1692,"sienna"
"WBGene00021956",179093,765,"whitesmoke"
"WBGene00021966",173508,554,"coral"
"WBGene00022021",178851,1252,"whitesmoke"
"WBGene00022027",171654,721,"whitesmoke"
"WBGene00022038",190487,2050,"lightyellow"
"WBGene00022042",171646,45,"coral"
"WBGene00022053",175307,165,"coral"
"WBGene00022069",177084,997,"whitesmoke"
"WBGene00022072",177087,448,"coral"
"WBGene00022075",177047,1066,"whitesmoke"
"WBGene00022089",177038,55,"coral"
"WBGene00022127",171835,100,"coral"
"WBGene00022128",260184,1375,"whitesmoke"
"WBGene00022140",171759,563,"coral"
"WBGene00022148",171743,1236,"whitesmoke"
"WBGene00022158",171731,1110,"whitesmoke"
"WBGene00022159",171737,375,"coral"
"WBGene00022169",175397,747,"whitesmoke"
"WBGene00022191",190616,1770,"sienna"
"WBGene00022201",180573,1350,"whitesmoke"
"WBGene00022219",NA,238,"coral"
"WBGene00022242",177401,365,"coral"
"WBGene00022248",177410,811,"whitesmoke"
"WBGene00022251",177395,1695,"sienna"
"WBGene00022262",190660,580,"coral"
"WBGene00022265",178753,516,"coral"
"WBGene00022280",171806,756,"whitesmoke"
"WBGene00022322",190754,498,"coral"
"WBGene00022336",175299,9,"coral"
"WBGene00022347",175298,792,"whitesmoke"
"WBGene00022360",3565441,1879,"darkseagreen"
"WBGene00022365",190787,1615,"whitesmoke"
"WBGene00022368",171706,1064,"whitesmoke"
"WBGene00022371",171705,1379,"whitesmoke"
"WBGene00022373",171710,1335,"whitesmoke"
"WBGene00022378",177054,1162,"whitesmoke"
"WBGene00022394",190814,1339,"whitesmoke"
"WBGene00022395",190815,519,"coral"
"WBGene00022400",179178,810,"whitesmoke"
"WBGene00022401",179179,941,"whitesmoke"
"WBGene00022441",173630,181,"coral"
"WBGene00022453",173638,780,"whitesmoke"
"WBGene00022470",172052,251,"coral"
"WBGene00022472",191029,2003,"goldenrod"
"WBGene00022475",191031,1297,"whitesmoke"
"WBGene00022493",191044,434,"coral"
"WBGene00022500",180771,1540,"whitesmoke"
"WBGene00022501",180770,1951,"goldenrod"
"WBGene00022502",180437,1865,"darkseagreen"
"WBGene00022518",171670,1507,"whitesmoke"
"WBGene00022528",191087,693,"coral"
"WBGene00022538",179248,399,"coral"
"WBGene00022570",191123,605,"coral"
"WBGene00022583",176176,220,"coral"
"WBGene00022609",191168,589,"coral"
"WBGene00022623",179065,1588,"whitesmoke"
"WBGene00022646",179032,895,"whitesmoke"
"WBGene00022647",181777,1102,"whitesmoke"
"WBGene00022655",191223,672,"coral"
"WBGene00022662",191228,1814,"sienna"
"WBGene00022668",181040,1440,"whitesmoke"
"WBGene00022669",173938,467,"coral"
"WBGene00022677",177216,1088,"whitesmoke"
"WBGene00022739",173779,1242,"whitesmoke"
"WBGene00022742",173778,1273,"whitesmoke"
"WBGene00022748",172291,735,"whitesmoke"
"WBGene00022750",172287,842,"whitesmoke"
"WBGene00022759",173855,2044,"lightyellow"
"WBGene00022765",173854,1157,"whitesmoke"
"WBGene00022770",180627,1763,"sienna"
"WBGene00022783",176101,217,"coral"
"WBGene00022791",191404,1149,"whitesmoke"
"WBGene00022792",176088,1211,"whitesmoke"
"WBGene00022793",176089,754,"whitesmoke"
"WBGene00022797",176110,1791,"sienna"
"WBGene00022808",191414,645,"coral"
"WBGene00022814",179159,1882,"darkseagreen"
"WBGene00022825",191429,1608,"whitesmoke"
"WBGene00022846",NA,488,"coral"
"WBGene00022850",174154,937,"whitesmoke"
"WBGene00022851",174153,1091,"whitesmoke"
"WBGene00022852",174151,1312,"whitesmoke"
"WBGene00022856",174155,1403,"whitesmoke"
"WBGene00022890",191557,588,"coral"
"WBGene00023068",172095,67,"coral"
"WBGene00023404",176575,1499,"whitesmoke"
"WBGene00023405",176189,920,"whitesmoke"
"WBGene00023408",188309,477,"coral"
"WBGene00023419",259656,295,"coral"
"WBGene00023422",3565999,269,"coral"
"WBGene00023458",259694,1505,"whitesmoke"
"WBGene00023462",3565161,1662,"whitesmoke"
"WBGene00023487",259579,267,"coral"
"WBGene00043064",259570,737,"whitesmoke"
"WBGene00043982",3565262,539,"coral"
"WBGene00044072",176426,869,"whitesmoke"
"WBGene00044077",179304,1862,"darkseagreen"
"WBGene00044137",3565841,559,"coral"
"WBGene00044143",3564761,2013,"goldenrod"
"WBGene00044144",3565375,1580,"whitesmoke"
"WBGene00044177",3565170,661,"coral"
"WBGene00044199",NA,1915,"darkseagreen"
"WBGene00044227",3565735,565,"coral"
"WBGene00044247",3565588,2028,"goldenrod"
"WBGene00044259",3565056,657,"coral"
"WBGene00044278",3564892,1842,"sienna"
"WBGene00044290",3565734,567,"coral"
"WBGene00044303",3564879,1506,"whitesmoke"
"WBGene00044318",175220,1362,"whitesmoke"
"WBGene00044321",172957,197,"coral"
"WBGene00044323",174884,373,"coral"
"WBGene00044330",181302,1960,"goldenrod"
"WBGene00044344",3565110,359,"coral"
"WBGene00044411",3896755,1619,"whitesmoke"
"WBGene00044439",NA,1223,"whitesmoke"
"WBGene00044443",3896746,1531,"whitesmoke"
"WBGene00044453",3896750,705,"coral"
"WBGene00044466",3896796,314,"coral"
"WBGene00044470",3896792,1661,"whitesmoke"
"WBGene00044535",3896821,2089,"lightyellow"
"WBGene00044550",3896829,1854,"sienna"
"WBGene00044559",NA,410,"coral"
"WBGene00044584",3896874,527,"coral"
"WBGene00044603",3896747,1810,"sienna"
"WBGene00044636",3896732,458,"coral"
"WBGene00044638",3896896,313,"coral"
"WBGene00044677",4363052,1986,"goldenrod"
"WBGene00044698",4363114,1302,"whitesmoke"
"WBGene00044705",4363086,1756,"sienna"
"WBGene00044725",4363113,1250,"whitesmoke"
"WBGene00044746",4363011,1876,"darkseagreen"
"WBGene00044762",4363059,829,"whitesmoke"
"WBGene00044789",4363068,1210,"whitesmoke"
"WBGene00044895",4926918,502,"coral"
"WBGene00044989",4926960,1204,"whitesmoke"
"WBGene00045056",4927046,1971,"goldenrod"
"WBGene00045144",4926936,669,"coral"
"WBGene00045178",4927054,1928,"darkseagreen"
"WBGene00045192",172585,1049,"whitesmoke"
"WBGene00045215",6418830,1645,"whitesmoke"
"WBGene00045249",6418677,899,"whitesmoke"
"WBGene00045270",6418831,716,"coral"
"WBGene00045380",6418777,679,"coral"
"WBGene00045406",6418713,575,"coral"
"WBGene00045418",6418727,1320,"whitesmoke"
"WBGene00045419",3565873,1860,"darkseagreen"
"WBGene00045433",6418594,1394,"whitesmoke"
"WBGene00045483",24104659,1061,"whitesmoke"
"WBGene00045498",6418595,428,"coral"
"WBGene00050906",6418731,676,"coral"
"WBGene00050917",6418663,1776,"sienna"
"WBGene00050939",6418832,564,"coral"
"WBGene00050944",6418836,1232,"whitesmoke"
"WBGene00077450",6418752,1841,"sienna"
"WBGene00077490",6418630,1746,"sienna"
"WBGene00077531",6418652,1145,"whitesmoke"
"WBGene00077539",13182023,2051,"lightyellow"
"WBGene00077563",13179502,2012,"goldenrod"
"WBGene00077658",6418631,180,"coral"
"WBGene00077674",6418841,2016,"goldenrod"
"WBGene00077681",6418804,2024,"goldenrod"
"WBGene00077768",7040148,435,"coral"
"WBGene00077771",7040157,827,"whitesmoke"
"WBGene00175027",13213356,2061,"lightyellow"
"WBGene00185118",13218802,1859,"darkseagreen"
"WBGene00194702",13179817,1839,"sienna"
"WBGene00194714",13183688,700,"coral"
"WBGene00194799",13217513,698,"coral"
"WBGene00194835",13193027,1184,"whitesmoke"
"WBGene00195009",13197020,682,"coral"
"WBGene00195011",13192946,576,"coral"
"WBGene00195063",13191872,1036,"whitesmoke"
"WBGene00195084",13222257,556,"coral"
"WBGene00195243",13218874,2036,"goldenrod"
"WBGene00206364",13220332,1896,"darkseagreen"
"WBGene00206379",13221340,644,"coral"
"WBGene00206386",13221052,1748,"sienna"
"WBGene00206389",13223505,627,"coral"
"WBGene00206487",13191891,340,"coral"
"WBGene00206505",13218813,1407,"whitesmoke"
"WBGene00206515",13197163,1567,"whitesmoke"
"WBGene00206521",13185665,1420,"whitesmoke"
"WBGene00206527",13224410,549,"coral"
"WBGene00206529",13185579,1632,"whitesmoke"
"WBGene00219282",13181209,1830,"sienna"
"WBGene00219294",13187267,469,"coral"
"WBGene00219297",13189293,636,"coral"
"WBGene00219325",13215029,2070,"lightyellow"
"WBGene00219394",24105117,1516,"whitesmoke"
"WBGene00219443",24105173,550,"coral"
"WBGene00219544",24104219,1851,"sienna"
"WBGene00235102",24105155,847,"whitesmoke"
"WBGene00235117",24105054,2005,"goldenrod"
"WBGene00235313",24104247,2035,"goldenrod"
"WBGene00235329",24104549,1929,"darkseagreen"
"WBGene00235391",24104553,2038,"goldenrod"
"WBGene00269391",27219622,1644,"whitesmoke"
"WBGene00269431",28661654,1240,"whitesmoke"
"WBGene00271444",30928523,1843,"sienna"
"WBGene00271606",32091598,1890,"darkseagreen"
